term,has_definition,has_taxonomy,term_only_uri_presence,uri_only_sources,definitions_and_fallback_hierarchy,definitions_count,taxonomy_paths_count,sources,sources_count,embedding_text,sssom_source_pairs
abrupt/rapid climate change,False,False,True,AGU Index Terms,,0,0,AGU Index Terms,1,abrupt/rapid climate change,
acoustic properties,False,False,True,AGU Index Terms,,0,0,AGU Index Terms,1,acoustic properties,
acoustic-gravity waves,False,False,True,AGU Index Terms,,0,0,AGU Index Terms,1,acoustic-gravity waves,
active experiments,False,False,True,AGU Index Terms,,0,0,AGU Index Terms,1,active experiments,
active perturbation experiments,False,False,True,AGU Index Terms,,0,0,AGU Index Terms,1,active perturbation experiments,
aerosols and particles,False,False,True,AGU Index Terms,,0,0,AGU Index Terms,1,aerosols and particles,
agent-based models,False,False,True,AGU Index Terms,,0,0,AGU Index Terms,1,agent-based models,
agricultural systems,False,False,True,AGU Index Terms,,0,0,AGU Index Terms,1,agricultural systems,
air/sea constituent fluxes,False,False,True,AGU Index Terms,,0,0,AGU Index Terms,1,air/sea constituent fluxes,
air/sea interactions,False,False,True,AGU Index Terms,,0,0,AGU Index Terms,1,air/sea interactions,
airglow and aurora,False,False,True,AGU Index Terms,,0,0,AGU Index Terms,1,airglow and aurora,
alteration and weathering processes,False,False,True,AGU Index Terms,,0,0,AGU Index Terms,1,alteration and weathering processes,
analogue modeling,False,False,True,AGU Index Terms,,0,0,AGU Index Terms,1,analogue modeling,
analytical modeling and laboratory experiments,False,False,True,AGU Index Terms,,0,0,AGU Index Terms,1,analytical modeling and laboratory experiments,
anoxic and hypoxic environments,False,False,True,AGU Index Terms,,0,0,AGU Index Terms,1,anoxic and hypoxic environments,
anoxic environments,False,False,True,AGU Index Terms,,0,0,AGU Index Terms,1,anoxic environments,
antenna arrays,False,False,True,AGU Index Terms,,0,0,AGU Index Terms,1,antenna arrays,
antennas,False,False,True,AGU Index Terms,,0,0,AGU Index Terms,1,antennas,
anthropogenic effects,False,False,True,AGU Index Terms,,0,0,AGU Index Terms,1,anthropogenic effects,
archaeological geology,False,False,True,AGU Index Terms,,0,0,AGU Index Terms,1,archaeological geology,
archean,False,False,True,AGU Index Terms,,0,0,AGU Index Terms,1,archean,
archeomagnetism,False,False,True,AGU Index Terms,,0,0,AGU Index Terms,1,archeomagnetism,
arctic and antarctic oceanography,False,False,True,AGU Index Terms,,0,0,AGU Index Terms,1,arctic and antarctic oceanography,
asteroids,False,False,True,AGU Index Terms,,0,0,AGU Index Terms,1,asteroids,
asteroids: satellites,False,False,True,AGU Index Terms,,0,0,AGU Index Terms,1,asteroids: satellites,
astrobiology and extraterrestrial materials,False,False,True,AGU Index Terms,,0,0,AGU Index Terms,1,astrobiology and extraterrestrial materials,
astronomical forcing,False,False,True,AGU Index Terms,,0,0,AGU Index Terms,1,astronomical forcing,
atlantic ocean,False,False,True,AGU Index Terms,,0,0,AGU Index Terms,1,atlantic ocean,
atmosphere monitoring with geodetic techniques,False,False,True,AGU Index Terms,,0,0,AGU Index Terms,1,atmosphere monitoring with geodetic techniques,
atmospheres,False,False,True,AGU Index Terms,,0,0,AGU Index Terms,1,atmospheres,
atmospheric,False,False,True,AGU Index Terms,,0,0,AGU Index Terms,1,atmospheric,
atmospheric composition and structure,False,False,True,AGU Index Terms,,0,0,AGU Index Terms,1,atmospheric composition and structure,
atmospheric effects,False,False,True,AGU Index Terms,,0,0,AGU Index Terms,1,atmospheric effects,
atmospheric processes,False,False,True,AGU Index Terms,,0,0,AGU Index Terms,1,atmospheric processes,
atmospheric sciences,False,False,True,AGU Index Terms,,0,0,AGU Index Terms,1,atmospheric sciences,
atmospheric transport and circulation,False,False,True,AGU Index Terms,,0,0,AGU Index Terms,1,atmospheric transport and circulation,
aurorae and airglow,False,False,True,AGU Index Terms,,0,0,AGU Index Terms,1,aurorae and airglow,
"aurorae, airglow, and x-ray emission",False,False,True,AGU Index Terms,,0,0,AGU Index Terms,1,"aurorae, airglow, and x-ray emission",
auroral ionosphere,False,False,True,AGU Index Terms,,0,0,AGU Index Terms,1,auroral ionosphere,
auroral phenomena,False,False,True,AGU Index Terms,,0,0,AGU Index Terms,1,auroral phenomena,
australia,False,False,True,AGU Index Terms,,0,0,AGU Index Terms,1,australia,
avalanches,False,False,True,AGU Index Terms,,0,0,AGU Index Terms,1,avalanches,
back-arc basin processes,False,False,True,AGU Index Terms,,0,0,AGU Index Terms,1,back-arc basin processes,
balanced dynamical models,False,False,True,AGU Index Terms,,0,0,AGU Index Terms,1,balanced dynamical models,
benefit-cost analysis,False,False,True,AGU Index Terms,,0,0,AGU Index Terms,1,benefit-cost analysis,
benthic boundary layers,False,False,True,AGU Index Terms,,0,0,AGU Index Terms,1,benthic boundary layers,
benthic processes,False,False,True,AGU Index Terms,,0,0,AGU Index Terms,1,benthic processes,
"benthic processes, benthos",False,False,True,AGU Index Terms,,0,0,AGU Index Terms,1,"benthic processes, benthos",
bifurcations and attractors,False,False,True,AGU Index Terms,,0,0,AGU Index Terms,1,bifurcations and attractors,
bio-optics,False,False,True,AGU Index Terms,,0,0,AGU Index Terms,1,bio-optics,
bioavailability: chemical speciation and complexation,False,False,True,AGU Index Terms,,0,0,AGU Index Terms,1,bioavailability: chemical speciation and complexation,
biogenic magnetic minerals,False,False,True,AGU Index Terms,,0,0,AGU Index Terms,1,biogenic magnetic minerals,
"biogeochemical cycles, processes, and modeling",False,False,True,AGU Index Terms,,0,0,AGU Index Terms,1,"biogeochemical cycles, processes, and modeling",
biogeochemical kinetics and reaction modeling,False,False,True,AGU Index Terms,,0,0,AGU Index Terms,1,biogeochemical kinetics and reaction modeling,
biogeophysics,False,False,True,AGU Index Terms,,0,0,AGU Index Terms,1,biogeophysics,
biogeosciences,False,False,True,AGU Index Terms,,0,0,AGU Index Terms,1,biogeosciences,
biological effects,False,False,True,AGU Index Terms,,0,0,AGU Index Terms,1,biological effects,
biomineralization,False,False,True,AGU Index Terms,,0,0,AGU Index Terms,1,biomineralization,
biomolecular and chemical tracers,False,False,True,AGU Index Terms,,0,0,AGU Index Terms,1,biomolecular and chemical tracers,
bioremediation,False,False,True,AGU Index Terms,,0,0,AGU Index Terms,1,bioremediation,
biosignatures and proxies,False,False,True,AGU Index Terms,,0,0,AGU Index Terms,1,biosignatures and proxies,
biosphere/atmosphere interactions,False,False,True,AGU Index Terms,,0,0,AGU Index Terms,1,biosphere/atmosphere interactions,
body waves,False,False,True,AGU Index Terms,,0,0,AGU Index Terms,1,body waves,
boundary layer processes,False,False,True,AGU Index Terms,,0,0,AGU Index Terms,1,boundary layer processes,
calderas,False,False,True,AGU Index Terms,,0,0,AGU Index Terms,1,calderas,
cambrian,False,False,True,AGU Index Terms,,0,0,AGU Index Terms,1,cambrian,
capillary waves,False,False,True,AGU Index Terms,,0,0,AGU Index Terms,1,capillary waves,
carbon cycling,False,False,True,AGU Index Terms,,0,0,AGU Index Terms,1,carbon cycling,
carboniferous,False,False,True,AGU Index Terms,,0,0,AGU Index Terms,1,carboniferous,
cascades,False,False,True,AGU Index Terms,,0,0,AGU Index Terms,1,cascades,
catastrophe and catastrophe theory,False,False,True,AGU Index Terms,,0,0,AGU Index Terms,1,catastrophe and catastrophe theory,
celestial mechanics,False,False,True,AGU Index Terms,,0,0,AGU Index Terms,1,celestial mechanics,
cellular automata,False,False,True,AGU Index Terms,,0,0,AGU Index Terms,1,cellular automata,
cenozoic,False,False,True,AGU Index Terms,,0,0,AGU Index Terms,1,cenozoic,
centaurs,False,False,True,AGU Index Terms,,0,0,AGU Index Terms,1,centaurs,
chaos,False,False,True,AGU Index Terms,,0,0,AGU Index Terms,1,chaos,
charged particle motion and acceleration,False,False,True,AGU Index Terms,,0,0,AGU Index Terms,1,charged particle motion and acceleration,
chemical and biological geochronology,False,False,True,AGU Index Terms,,0,0,AGU Index Terms,1,chemical and biological geochronology,
chemical kinetic and photochemical properties,False,False,True,AGU Index Terms,,0,0,AGU Index Terms,1,chemical kinetic and photochemical properties,
chemical speciation and complexation,False,False,True,AGU Index Terms,,0,0,AGU Index Terms,1,chemical speciation and complexation,
chemical tracers,False,False,True,AGU Index Terms,,0,0,AGU Index Terms,1,chemical tracers,
chemistry of fresh water,False,False,True,AGU Index Terms,,0,0,AGU Index Terms,1,chemistry of fresh water,
clathrate,False,False,True,AGU Index Terms,,0,0,AGU Index Terms,1,clathrate,
climate and interannual variability,False,False,True,AGU Index Terms,,0,0,AGU Index Terms,1,climate and interannual variability,
climate change and variability,False,False,True,AGU Index Terms,,0,0,AGU Index Terms,1,climate change and variability,
climate dynamics,False,False,True,AGU Index Terms,,0,0,AGU Index Terms,1,climate dynamics,
climate impact,False,False,True,AGU Index Terms,,0,0,AGU Index Terms,1,climate impact,
climate impacts,False,False,True,AGU Index Terms,,0,0,AGU Index Terms,1,climate impacts,
climate variability,False,False,True,AGU Index Terms,,0,0,AGU Index Terms,1,climate variability,
cloud optics,False,False,True,AGU Index Terms,,0,0,AGU Index Terms,1,cloud optics,
cloud physics and chemistry,False,False,True,AGU Index Terms,,0,0,AGU Index Terms,1,cloud physics and chemistry,
cloud/radiation interaction,False,False,True,AGU Index Terms,,0,0,AGU Index Terms,1,cloud/radiation interaction,
clouds and aerosols,False,False,True,AGU Index Terms,,0,0,AGU Index Terms,1,clouds and aerosols,
clouds and cloud feedbacks,False,False,True,AGU Index Terms,,0,0,AGU Index Terms,1,clouds and cloud feedbacks,
coal geology,False,False,True,AGU Index Terms,,0,0,AGU Index Terms,1,coal geology,
colloids,False,False,True,AGU Index Terms,,0,0,AGU Index Terms,1,colloids,
comets,False,False,True,AGU Index Terms,,0,0,AGU Index Terms,1,comets,
comets: dust tails and trails,False,False,True,AGU Index Terms,,0,0,AGU Index Terms,1,comets: dust tails and trails,
community management,False,False,True,AGU Index Terms,,0,0,AGU Index Terms,1,community management,
community modeling frameworks,False,False,True,AGU Index Terms,,0,0,AGU Index Terms,1,community modeling frameworks,
community standards,False,False,True,AGU Index Terms,,0,0,AGU Index Terms,1,community standards,
comparative planetology,False,False,True,AGU Index Terms,,0,0,AGU Index Terms,1,comparative planetology,
complex systems,False,False,True,AGU Index Terms,,0,0,AGU Index Terms,1,complex systems,
composition of aerosols and dust particles,False,False,True,AGU Index Terms,,0,0,AGU Index Terms,1,composition of aerosols and dust particles,
composition of meteorites,False,False,True,AGU Index Terms,,0,0,AGU Index Terms,1,composition of meteorites,
composition of the biosphere,False,False,True,AGU Index Terms,,0,0,AGU Index Terms,1,composition of the biosphere,
composition of the continental crust,False,False,True,AGU Index Terms,,0,0,AGU Index Terms,1,composition of the continental crust,
composition of the core,False,False,True,AGU Index Terms,,0,0,AGU Index Terms,1,composition of the core,
composition of the hydrosphere,False,False,True,AGU Index Terms,,0,0,AGU Index Terms,1,composition of the hydrosphere,
composition of the mantle,False,False,True,AGU Index Terms,,0,0,AGU Index Terms,1,composition of the mantle,
composition of the moon,False,False,True,AGU Index Terms,,0,0,AGU Index Terms,1,composition of the moon,
composition of the oceanic crust,False,False,True,AGU Index Terms,,0,0,AGU Index Terms,1,composition of the oceanic crust,
composition of the planets,False,False,True,AGU Index Terms,,0,0,AGU Index Terms,1,composition of the planets,
computational geophysics,False,False,True,AGU Index Terms,,0,0,AGU Index Terms,1,computational geophysics,
computational hydrology,False,False,True,AGU Index Terms,,0,0,AGU Index Terms,1,computational hydrology,
computational methods and data processing,False,False,True,AGU Index Terms,,0,0,AGU Index Terms,1,computational methods and data processing,
computational methods: potential fields,False,False,True,AGU Index Terms,,0,0,AGU Index Terms,1,computational methods: potential fields,
computational methods: seismic,False,False,True,AGU Index Terms,,0,0,AGU Index Terms,1,computational methods: seismic,
"computational models, algorithms",False,False,True,AGU Index Terms,,0,0,AGU Index Terms,1,"computational models, algorithms",
computational seismology,False,False,True,AGU Index Terms,,0,0,AGU Index Terms,1,computational seismology,
constituent sources and sinks,False,False,True,AGU Index Terms,,0,0,AGU Index Terms,1,constituent sources and sinks,
contaminant and organic biogeochemistry,False,False,True,AGU Index Terms,,0,0,AGU Index Terms,1,contaminant and organic biogeochemistry,
continental climate records,False,False,True,AGU Index Terms,,0,0,AGU Index Terms,1,continental climate records,
continental contractional orogenic belts and inversion tectonics,False,False,True,AGU Index Terms,,0,0,AGU Index Terms,1,continental contractional orogenic belts and inversion tectonics,
continental cratons,False,False,True,AGU Index Terms,,0,0,AGU Index Terms,1,continental cratons,
continental crust,False,False,True,AGU Index Terms,,0,0,AGU Index Terms,1,continental crust,
continental margins: convergent,False,False,True,AGU Index Terms,,0,0,AGU Index Terms,1,continental margins: convergent,
continental margins: divergent,False,False,True,AGU Index Terms,,0,0,AGU Index Terms,1,continental margins: divergent,
continental margins: transform,False,False,True,AGU Index Terms,,0,0,AGU Index Terms,1,continental margins: transform,
continental neotectonics,False,False,True,AGU Index Terms,,0,0,AGU Index Terms,1,continental neotectonics,
continental shelf and slope processes,False,False,True,AGU Index Terms,,0,0,AGU Index Terms,1,continental shelf and slope processes,
continental structures,False,False,True,AGU Index Terms,,0,0,AGU Index Terms,1,continental structures,
continental tectonics: compressional,False,False,True,AGU Index Terms,,0,0,AGU Index Terms,1,continental tectonics: compressional,
continental tectonics: extensional,False,False,True,AGU Index Terms,,0,0,AGU Index Terms,1,continental tectonics: extensional,
continental tectonics: general,False,False,True,AGU Index Terms,,0,0,AGU Index Terms,1,continental tectonics: general,
continental tectonics: strike-slip and transform,False,False,True,AGU Index Terms,,0,0,AGU Index Terms,1,continental tectonics: strike-slip and transform,
contingency planning,False,False,True,AGU Index Terms,,0,0,AGU Index Terms,1,contingency planning,
convective processes,False,False,True,AGU Index Terms,,0,0,AGU Index Terms,1,convective processes,
coral reef systems,False,False,True,AGU Index Terms,,0,0,AGU Index Terms,1,coral reef systems,
corals,False,False,True,AGU Index Terms,,0,0,AGU Index Terms,1,corals,
coriolis effects,False,False,True,AGU Index Terms,,0,0,AGU Index Terms,1,coriolis effects,
corotating streams,False,False,True,AGU Index Terms,,0,0,AGU Index Terms,1,corotating streams,
corrections,False,False,True,AGU Index Terms,,0,0,AGU Index Terms,1,corrections,
correlative geochronology,False,False,True,AGU Index Terms,,0,0,AGU Index Terms,1,correlative geochronology,
cosmogenic isotopes,False,False,True,AGU Index Terms,,0,0,AGU Index Terms,1,cosmogenic isotopes,
cosmogenic-nuclide exposure dating,False,False,True,AGU Index Terms,,0,0,AGU Index Terms,1,cosmogenic-nuclide exposure dating,
coupled models of the climate system,False,False,True,AGU Index Terms,,0,0,AGU Index Terms,1,coupled models of the climate system,
creep and deformation,False,False,True,AGU Index Terms,,0,0,AGU Index Terms,1,creep and deformation,
cretaceous,False,False,True,AGU Index Terms,,0,0,AGU Index Terms,1,cretaceous,
critical phenomena,False,False,True,AGU Index Terms,,0,0,AGU Index Terms,1,critical phenomena,
critical zone,False,False,True,AGU Index Terms,,0,0,AGU Index Terms,1,critical zone,
cryobiology,False,False,True,AGU Index Terms,,0,0,AGU Index Terms,1,cryobiology,
cryosol,False,False,True,AGU Index Terms,,0,0,AGU Index Terms,1,cryosol,
cryospheric change,False,False,True,AGU Index Terms,,0,0,AGU Index Terms,1,cryospheric change,
current systems,False,False,True,AGU Index Terms,,0,0,AGU Index Terms,1,current systems,
currents,False,False,True,AGU Index Terms,,0,0,AGU Index Terms,1,currents,
curriculum and laboratory design,False,False,True,AGU Index Terms,,0,0,AGU Index Terms,1,curriculum and laboratory design,
cyberinfrastructure,False,False,True,AGU Index Terms,,0,0,AGU Index Terms,1,cyberinfrastructure,
dams,False,False,True,AGU Index Terms,,0,0,AGU Index Terms,1,dams,
data analysis: algorithms and implementation,False,False,True,AGU Index Terms,,0,0,AGU Index Terms,1,data analysis: algorithms and implementation,
data and information discovery,False,False,True,AGU Index Terms,,0,0,AGU Index Terms,1,data and information discovery,
data and information governance,False,False,True,AGU Index Terms,,0,0,AGU Index Terms,1,data and information governance,
data assimilation,False,False,True,AGU Index Terms,,0,0,AGU Index Terms,1,data assimilation,
"data assimilation, integration and fusion",False,False,True,AGU Index Terms,,0,0,AGU Index Terms,1,"data assimilation, integration and fusion",
data management,False,False,True,AGU Index Terms,,0,0,AGU Index Terms,1,data management,
"data management, preservation, rescue",False,False,True,AGU Index Terms,,0,0,AGU Index Terms,1,"data management, preservation, rescue",
data presentation and visualization,False,False,True,AGU Index Terms,,0,0,AGU Index Terms,1,data presentation and visualization,
data sets,False,False,True,AGU Index Terms,,0,0,AGU Index Terms,1,data sets,
debris flow and landslides,False,False,True,AGU Index Terms,,0,0,AGU Index Terms,1,debris flow and landslides,
decadal ocean variability,False,False,True,AGU Index Terms,,0,0,AGU Index Terms,1,decadal ocean variability,
decision analysis,False,False,True,AGU Index Terms,,0,0,AGU Index Terms,1,decision analysis,
decision making under uncertainty,False,False,True,AGU Index Terms,,0,0,AGU Index Terms,1,decision making under uncertainty,
deep recirculations,False,False,True,AGU Index Terms,,0,0,AGU Index Terms,1,deep recirculations,
defects,False,False,True,AGU Index Terms,,0,0,AGU Index Terms,1,defects,
demand estimation,False,False,True,AGU Index Terms,,0,0,AGU Index Terms,1,demand estimation,
descriptive and regional oceanography,False,False,True,AGU Index Terms,,0,0,AGU Index Terms,1,descriptive and regional oceanography,
devonian,False,False,True,AGU Index Terms,,0,0,AGU Index Terms,1,devonian,
diapir and diapirism,False,False,True,AGU Index Terms,,0,0,AGU Index Terms,1,diapir and diapirism,
"diel, seasonal, and annual cycles",False,False,True,AGU Index Terms,,0,0,AGU Index Terms,1,"diel, seasonal, and annual cycles",
disaster management,False,False,True,AGU Index Terms,,0,0,AGU Index Terms,1,disaster management,
disaster mitigation,False,False,True,AGU Index Terms,,0,0,AGU Index Terms,1,disaster mitigation,
disaster policy,False,False,True,AGU Index Terms,,0,0,AGU Index Terms,1,disaster policy,
disaster resilience,False,False,True,AGU Index Terms,,0,0,AGU Index Terms,1,disaster resilience,
disaster risk analysis and assessment,False,False,True,AGU Index Terms,,0,0,AGU Index Terms,1,disaster risk analysis and assessment,
disaster risk communication,False,False,True,AGU Index Terms,,0,0,AGU Index Terms,1,disaster risk communication,
discontinuities,False,False,True,AGU Index Terms,,0,0,AGU Index Terms,1,discontinuities,
"diurnal, seasonal, and annual cycles",False,False,True,AGU Index Terms,,0,0,AGU Index Terms,1,"diurnal, seasonal, and annual cycles",
diversity,False,False,True,AGU Index Terms,,0,0,AGU Index Terms,1,diversity,
downhole methods,False,False,True,AGU Index Terms,,0,0,AGU Index Terms,1,downhole methods,
dynamics,False,False,True,AGU Index Terms,,0,0,AGU Index Terms,1,dynamics,
dynamics and mechanics of faulting,False,False,True,AGU Index Terms,,0,0,AGU Index Terms,1,dynamics and mechanics of faulting,
dynamics of lithosphere and mantle: general,False,False,True,AGU Index Terms,,0,0,AGU Index Terms,1,dynamics of lithosphere and mantle: general,
"dynamics: convection currents, and mantle plumes",False,False,True,AGU Index Terms,,0,0,AGU Index Terms,1,"dynamics: convection currents, and mantle plumes",
dynamics: gravity and tectonics,False,False,True,AGU Index Terms,,0,0,AGU Index Terms,1,dynamics: gravity and tectonics,
dynamics: seismotectonics,False,False,True,AGU Index Terms,,0,0,AGU Index Terms,1,dynamics: seismotectonics,
dynamo: theories and simulations,False,False,True,AGU Index Terms,,0,0,AGU Index Terms,1,dynamo: theories and simulations,
early environment of earth,False,False,True,AGU Index Terms,,0,0,AGU Index Terms,1,early environment of earth,
early warning systems,False,False,True,AGU Index Terms,,0,0,AGU Index Terms,1,early warning systems,
earth rotation variations,False,False,True,AGU Index Terms,,0,0,AGU Index Terms,1,earth rotation variations,
earth system modeling,False,False,True,AGU Index Terms,,0,0,AGU Index Terms,1,earth system modeling,
earth's interior: composition and state,False,False,True,AGU Index Terms,,0,0,AGU Index Terms,1,earth's interior: composition and state,
earth's interior: dynamics,False,False,True,AGU Index Terms,,0,0,AGU Index Terms,1,earth's interior: dynamics,
earthquake dynamics,False,False,True,AGU Index Terms,,0,0,AGU Index Terms,1,earthquake dynamics,
earthquake ground motions and engineering seismology,False,False,True,AGU Index Terms,,0,0,AGU Index Terms,1,earthquake ground motions and engineering seismology,
"earthquake interaction, forecasting, and prediction",False,False,True,AGU Index Terms,,0,0,AGU Index Terms,1,"earthquake interaction, forecasting, and prediction",
earthquake source observations,False,False,True,AGU Index Terms,,0,0,AGU Index Terms,1,earthquake source observations,
eastern boundary currents,False,False,True,AGU Index Terms,,0,0,AGU Index Terms,1,eastern boundary currents,
eco-hydrology,False,False,True,AGU Index Terms,,0,0,AGU Index Terms,1,eco-hydrology,
ecological prediction,False,False,True,AGU Index Terms,,0,0,AGU Index Terms,1,ecological prediction,
economic geology,False,False,True,AGU Index Terms,,0,0,AGU Index Terms,1,economic geology,
economic impacts of disasters,False,False,True,AGU Index Terms,,0,0,AGU Index Terms,1,economic impacts of disasters,
"ecosystems, structure and dynamics",False,False,True,AGU Index Terms,,0,0,AGU Index Terms,1,"ecosystems, structure and dynamics",
"ecosystems, structure, dynamics, and modeling",False,False,True,AGU Index Terms,,0,0,AGU Index Terms,1,"ecosystems, structure, dynamics, and modeling",
eddies and mesoscale processes,False,False,True,AGU Index Terms,,0,0,AGU Index Terms,1,eddies and mesoscale processes,
effusive volcanism,False,False,True,AGU Index Terms,,0,0,AGU Index Terms,1,effusive volcanism,
"ejecta, driver gases, and magnetic clouds",False,False,True,AGU Index Terms,,0,0,AGU Index Terms,1,"ejecta, driver gases, and magnetic clouds",
el nino,False,False,True,AGU Index Terms,,0,0,AGU Index Terms,1,el nino,
elasticity and anelasticity,False,False,True,AGU Index Terms,,0,0,AGU Index Terms,1,elasticity and anelasticity,
electromagnetic noise and interference,False,False,True,AGU Index Terms,,0,0,AGU Index Terms,1,electromagnetic noise and interference,
electromagnetic theory,False,False,True,AGU Index Terms,,0,0,AGU Index Terms,1,electromagnetic theory,
electromagnetics,False,False,True,AGU Index Terms,,0,0,AGU Index Terms,1,electromagnetics,
electrostatic structures,False,False,True,AGU Index Terms,,0,0,AGU Index Terms,1,electrostatic structures,
elementary and secondary education,False,False,True,AGU Index Terms,,0,0,AGU Index Terms,1,elementary and secondary education,
emergency management,False,False,True,AGU Index Terms,,0,0,AGU Index Terms,1,emergency management,
emergency response and evacuations,False,False,True,AGU Index Terms,,0,0,AGU Index Terms,1,emergency response and evacuations,
emergent phenomena,False,False,True,AGU Index Terms,,0,0,AGU Index Terms,1,emergent phenomena,
emerging informatics technologies,False,False,True,AGU Index Terms,,0,0,AGU Index Terms,1,emerging informatics technologies,
energetic particles: precipitating,False,False,True,AGU Index Terms,,0,0,AGU Index Terms,1,energetic particles: precipitating,
energetic particles: trapped,False,False,True,AGU Index Terms,,0,0,AGU Index Terms,1,energetic particles: trapped,
energy budgets,False,False,True,AGU Index Terms,,0,0,AGU Index Terms,1,energy budgets,
engineering for hazard mitigation,False,False,True,AGU Index Terms,,0,0,AGU Index Terms,1,engineering for hazard mitigation,
engineering geology,False,False,True,AGU Index Terms,,0,0,AGU Index Terms,1,engineering geology,
enso,False,False,True,AGU Index Terms,,0,0,AGU Index Terms,1,enso,
environmental magnetism,False,False,True,AGU Index Terms,,0,0,AGU Index Terms,1,environmental magnetism,
environmental persistence of herbicides and pesticides,False,False,True,AGU Index Terms,,0,0,AGU Index Terms,1,environmental persistence of herbicides and pesticides,
equations of state,False,False,True,AGU Index Terms,,0,0,AGU Index Terms,1,equations of state,
equatorial ionosphere,False,False,True,AGU Index Terms,,0,0,AGU Index Terms,1,equatorial ionosphere,
equatorial oceanography,False,False,True,AGU Index Terms,,0,0,AGU Index Terms,1,equatorial oceanography,
erosion and weathering,False,False,True,AGU Index Terms,,0,0,AGU Index Terms,1,erosion and weathering,
eruption mechanisms and flow emplacement,False,False,True,AGU Index Terms,,0,0,AGU Index Terms,1,eruption mechanisms and flow emplacement,
estimation and forecasting,False,False,True,AGU Index Terms,,0,0,AGU Index Terms,1,estimation and forecasting,
estuarine and nearshore processes,False,False,True,AGU Index Terms,,0,0,AGU Index Terms,1,estuarine and nearshore processes,
estuarine processes,False,False,True,AGU Index Terms,,0,0,AGU Index Terms,1,estuarine processes,
evaluation and assessment,False,False,True,AGU Index Terms,,0,0,AGU Index Terms,1,evaluation and assessment,
evolution of the atmosphere,False,False,True,AGU Index Terms,,0,0,AGU Index Terms,1,evolution of the atmosphere,
evolution of the earth,False,False,True,AGU Index Terms,,0,0,AGU Index Terms,1,evolution of the earth,
evolutionary geobiology,False,False,True,AGU Index Terms,,0,0,AGU Index Terms,1,evolutionary geobiology,
experimental mineralogy and petrology,False,False,True,AGU Index Terms,,0,0,AGU Index Terms,1,experimental mineralogy and petrology,
experimental volcanism,False,False,True,AGU Index Terms,,0,0,AGU Index Terms,1,experimental volcanism,
exploration geophysics,False,False,True,AGU Index Terms,,0,0,AGU Index Terms,1,exploration geophysics,
explosive volcanism,False,False,True,AGU Index Terms,,0,0,AGU Index Terms,1,explosive volcanism,
extinct radionuclide geochronology,False,False,True,AGU Index Terms,,0,0,AGU Index Terms,1,extinct radionuclide geochronology,
extra-solar planets,False,False,True,AGU Index Terms,,0,0,AGU Index Terms,1,extra-solar planets,
extreme events,False,False,True,AGU Index Terms,,0,0,AGU Index Terms,1,extreme events,
extrusive structures and rocks,False,False,True,AGU Index Terms,,0,0,AGU Index Terms,1,extrusive structures and rocks,
field relationships,False,False,True,AGU Index Terms,,0,0,AGU Index Terms,1,field relationships,
field-aligned currents and current systems,False,False,True,AGU Index Terms,,0,0,AGU Index Terms,1,field-aligned currents and current systems,
fine structure and microstructure,False,False,True,AGU Index Terms,,0,0,AGU Index Terms,1,fine structure and microstructure,
flares,False,False,True,AGU Index Terms,,0,0,AGU Index Terms,1,flares,
floodplain dynamics,False,False,True,AGU Index Terms,,0,0,AGU Index Terms,1,floodplain dynamics,
fluid and melt inclusion geochemistry,False,False,True,AGU Index Terms,,0,0,AGU Index Terms,1,fluid and melt inclusion geochemistry,
fluid flow,False,False,True,AGU Index Terms,,0,0,AGU Index Terms,1,fluid flow,
folds and folding,False,False,True,AGU Index Terms,,0,0,AGU Index Terms,1,folds and folding,
food webs and trophodynamics,False,False,True,AGU Index Terms,,0,0,AGU Index Terms,1,food webs and trophodynamics,
"food webs, structure, and dynamics",False,False,True,AGU Index Terms,,0,0,AGU Index Terms,1,"food webs, structure, and dynamics",
formal logics and grammars,False,False,True,AGU Index Terms,,0,0,AGU Index Terms,1,formal logics and grammars,
formation of stars and planets,False,False,True,AGU Index Terms,,0,0,AGU Index Terms,1,formation of stars and planets,
fourier analysis,False,False,True,AGU Index Terms,,0,0,AGU Index Terms,1,fourier analysis,
fractals and multifractals,False,False,True,AGU Index Terms,,0,0,AGU Index Terms,1,fractals and multifractals,
fracture and flow,False,False,True,AGU Index Terms,,0,0,AGU Index Terms,1,fracture and flow,
fractures and faults,False,False,True,AGU Index Terms,,0,0,AGU Index Terms,1,fractures and faults,
fronts and jets,False,False,True,AGU Index Terms,,0,0,AGU Index Terms,1,fronts and jets,
gas and hydrate systems,False,False,True,AGU Index Terms,,0,0,AGU Index Terms,1,gas and hydrate systems,
general circulation,False,False,True,AGU Index Terms,,0,0,AGU Index Terms,1,general circulation,
general or miscellaneous,False,False,True,AGU Index Terms,,0,0,AGU Index Terms,1,general or miscellaneous,
geochemical cycles,False,False,True,AGU Index Terms,,0,0,AGU Index Terms,1,geochemical cycles,
geochemical modeling,False,False,True,AGU Index Terms,,0,0,AGU Index Terms,1,geochemical modeling,
geochemical tracers,False,False,True,AGU Index Terms,,0,0,AGU Index Terms,1,geochemical tracers,
geochronology,False,False,True,AGU Index Terms,,0,0,AGU Index Terms,1,geochronology,
geodesy and gravity,False,False,True,AGU Index Terms,,0,0,AGU Index Terms,1,geodesy and gravity,
geographic location,False,False,True,AGU Index Terms,,0,0,AGU Index Terms,1,geographic location,
geohealth,False,False,True,AGU Index Terms,,0,0,AGU Index Terms,1,geohealth,
geological,False,False,True,AGU Index Terms,,0,0,AGU Index Terms,1,geological,
geomagnetic excursions,False,False,True,AGU Index Terms,,0,0,AGU Index Terms,1,geomagnetic excursions,
geomagnetically induced currents,False,False,True,AGU Index Terms,,0,0,AGU Index Terms,1,geomagnetically induced currents,
geomagnetism and paleomagnetism,False,False,True,AGU Index Terms,,0,0,AGU Index Terms,1,geomagnetism and paleomagnetism,
geomechanics,False,False,True,AGU Index Terms,,0,0,AGU Index Terms,1,geomechanics,
geomedicine,False,False,True,AGU Index Terms,,0,0,AGU Index Terms,1,geomedicine,
geomicrobiology,False,False,True,AGU Index Terms,,0,0,AGU Index Terms,1,geomicrobiology,
geomorphological geochronology,False,False,True,AGU Index Terms,,0,0,AGU Index Terms,1,geomorphological geochronology,
geomorphology and weathering,False,False,True,AGU Index Terms,,0,0,AGU Index Terms,1,geomorphology and weathering,
geomorphology: fluvial,False,False,True,AGU Index Terms,,0,0,AGU Index Terms,1,geomorphology: fluvial,
geomorphology: general,False,False,True,AGU Index Terms,,0,0,AGU Index Terms,1,geomorphology: general,
geomorphology: hillslope,False,False,True,AGU Index Terms,,0,0,AGU Index Terms,1,geomorphology: hillslope,
geopotential theory and determination,False,False,True,AGU Index Terms,,0,0,AGU Index Terms,1,geopotential theory and determination,
geoscience education research,False,False,True,AGU Index Terms,,0,0,AGU Index Terms,1,geoscience education research,
geospatial,False,False,True,AGU Index Terms,,0,0,AGU Index Terms,1,geospatial,
gis science,False,False,True,AGU Index Terms,,0,0,AGU Index Terms,1,gis science,
glacial,False,False,True,AGU Index Terms,,0,0,AGU Index Terms,1,glacial,
global change,False,False,True,AGU Index Terms,,0,0,AGU Index Terms,1,global change,
global change from geodesy,False,False,True,AGU Index Terms,,0,0,AGU Index Terms,1,global change from geodesy,
global climate models,False,False,True,AGU Index Terms,,0,0,AGU Index Terms,1,global climate models,
gravitational fields,False,False,True,AGU Index Terms,,0,0,AGU Index Terms,1,gravitational fields,
gravity and isostasy,False,False,True,AGU Index Terms,,0,0,AGU Index Terms,1,gravity and isostasy,
gravity anomalies and earth structure,False,False,True,AGU Index Terms,,0,0,AGU Index Terms,1,gravity anomalies and earth structure,
gravity methods,False,False,True,AGU Index Terms,,0,0,AGU Index Terms,1,gravity methods,
groundwater hydraulics,False,False,True,AGU Index Terms,,0,0,AGU Index Terms,1,groundwater hydraulics,
groundwater hydrology,False,False,True,AGU Index Terms,,0,0,AGU Index Terms,1,groundwater hydrology,
groundwater transport,False,False,True,AGU Index Terms,,0,0,AGU Index Terms,1,groundwater transport,
groundwater/surface water interaction,False,False,True,AGU Index Terms,,0,0,AGU Index Terms,1,groundwater/surface water interaction,
guided waves,False,False,True,AGU Index Terms,,0,0,AGU Index Terms,1,guided waves,
hardware solutions,False,False,True,AGU Index Terms,,0,0,AGU Index Terms,1,hardware solutions,
health and radiation,False,False,True,AGU Index Terms,,0,0,AGU Index Terms,1,health and radiation,
health impact,False,False,True,AGU Index Terms,,0,0,AGU Index Terms,1,health impact,
heat generation and transport,False,False,True,AGU Index Terms,,0,0,AGU Index Terms,1,heat generation and transport,
heliopause and solar wind termination,False,False,True,AGU Index Terms,,0,0,AGU Index Terms,1,heliopause and solar wind termination,
heliosphere/interstellar medium interactions,False,False,True,AGU Index Terms,,0,0,AGU Index Terms,1,heliosphere/interstellar medium interactions,
high strain deformation zones,False,False,True,AGU Index Terms,,0,0,AGU Index Terms,1,high strain deformation zones,
high-performance computing,False,False,True,AGU Index Terms,,0,0,AGU Index Terms,1,high-performance computing,
high-pressure behavior,False,False,True,AGU Index Terms,,0,0,AGU Index Terms,1,high-pressure behavior,
higher trophic levels,False,False,True,AGU Index Terms,,0,0,AGU Index Terms,1,higher trophic levels,
history of geophysics,False,False,True,AGU Index Terms,,0,0,AGU Index Terms,1,history of geophysics,
"hotspots, large igneous provinces, and flood basalt volcanism",False,False,True,AGU Index Terms,,0,0,AGU Index Terms,1,"hotspots, large igneous provinces, and flood basalt volcanism",
human impact,False,False,True,AGU Index Terms,,0,0,AGU Index Terms,1,human impact,
human impacts,False,False,True,AGU Index Terms,,0,0,AGU Index Terms,1,human impacts,
hydroclimatology,False,False,True,AGU Index Terms,,0,0,AGU Index Terms,1,hydroclimatology,
hydrodynamic modeling,False,False,True,AGU Index Terms,,0,0,AGU Index Terms,1,hydrodynamic modeling,
hydrogeophysics,False,False,True,AGU Index Terms,,0,0,AGU Index Terms,1,hydrogeophysics,
hydrography and tracers,False,False,True,AGU Index Terms,,0,0,AGU Index Terms,1,hydrography and tracers,
hydrologic scaling,False,False,True,AGU Index Terms,,0,0,AGU Index Terms,1,hydrologic scaling,
hydrological,False,False,True,AGU Index Terms,,0,0,AGU Index Terms,1,hydrological,
hydrological cycles and budgets,False,False,True,AGU Index Terms,,0,0,AGU Index Terms,1,hydrological cycles and budgets,
hydrology and fluvial processes,False,False,True,AGU Index Terms,,0,0,AGU Index Terms,1,hydrology and fluvial processes,
hydrothermal systems,False,False,True,AGU Index Terms,,0,0,AGU Index Terms,1,hydrothermal systems,
hydrothermal systems and weathering on other planets,False,False,True,AGU Index Terms,,0,0,AGU Index Terms,1,hydrothermal systems and weathering on other planets,
hypoxic environments,False,False,True,AGU Index Terms,,0,0,AGU Index Terms,1,hypoxic environments,
ice cores,False,False,True,AGU Index Terms,,0,0,AGU Index Terms,1,ice cores,
ice mechanics and air/sea/ice exchange processes,False,False,True,AGU Index Terms,,0,0,AGU Index Terms,1,ice mechanics and air/sea/ice exchange processes,
ice streams,False,False,True,AGU Index Terms,,0,0,AGU Index Terms,1,ice streams,
ices,False,False,True,AGU Index Terms,,0,0,AGU Index Terms,1,ices,
idealized model,False,False,True,AGU Index Terms,,0,0,AGU Index Terms,1,idealized model,
igneous petrology,False,False,True,AGU Index Terms,,0,0,AGU Index Terms,1,igneous petrology,
impact phenomena,False,False,True,AGU Index Terms,,0,0,AGU Index Terms,1,impact phenomena,
"impact phenomena, cratering",False,False,True,AGU Index Terms,,0,0,AGU Index Terms,1,"impact phenomena, cratering",
impacts of climate change: agricultural health,False,False,True,AGU Index Terms,,0,0,AGU Index Terms,1,impacts of climate change: agricultural health,
impacts of climate change: ecosystem health,False,False,True,AGU Index Terms,,0,0,AGU Index Terms,1,impacts of climate change: ecosystem health,
"impacts of climate change: human health,",False,False,True,AGU Index Terms,,0,0,AGU Index Terms,1,"impacts of climate change: human health,",
impacts of global change,False,False,True,AGU Index Terms,,0,0,AGU Index Terms,1,impacts of global change,
impacts on humans,False,False,True,AGU Index Terms,,0,0,AGU Index Terms,1,impacts on humans,
impacts on technological systems,False,False,True,AGU Index Terms,,0,0,AGU Index Terms,1,impacts on technological systems,
informal education,False,False,True,AGU Index Terms,,0,0,AGU Index Terms,1,informal education,
information related to geologic time,False,False,True,AGU Index Terms,,0,0,AGU Index Terms,1,information related to geologic time,
insolation forcing,False,False,True,AGU Index Terms,,0,0,AGU Index Terms,1,insolation forcing,
instability analysis,False,False,True,AGU Index Terms,,0,0,AGU Index Terms,1,instability analysis,
institutions,False,False,True,AGU Index Terms,,0,0,AGU Index Terms,1,institutions,
instructional tools,False,False,True,AGU Index Terms,,0,0,AGU Index Terms,1,instructional tools,
instruments and techniques,False,False,True,AGU Index Terms,,0,0,AGU Index Terms,1,instruments and techniques,
instruments and techniques: modeling,False,False,True,AGU Index Terms,,0,0,AGU Index Terms,1,instruments and techniques: modeling,
instruments and techniques: monitoring,False,False,True,AGU Index Terms,,0,0,AGU Index Terms,1,instruments and techniques: monitoring,
instruments useful in three or more fields,False,False,True,AGU Index Terms,,0,0,AGU Index Terms,1,instruments useful in three or more fields,
"instruments, sensors, and techniques",False,False,True,AGU Index Terms,,0,0,AGU Index Terms,1,"instruments, sensors, and techniques",
integrations of techniques,False,False,True,AGU Index Terms,,0,0,AGU Index Terms,1,integrations of techniques,
interaction between science and disaster management authorities,False,False,True,AGU Index Terms,,0,0,AGU Index Terms,1,interaction between science and disaster management authorities,
interactions with particles and fields,False,False,True,AGU Index Terms,,0,0,AGU Index Terms,1,interactions with particles and fields,
interactions with solar wind plasma and fields,False,False,True,AGU Index Terms,,0,0,AGU Index Terms,1,interactions with solar wind plasma and fields,
interferometry,False,False,True,AGU Index Terms,,0,0,AGU Index Terms,1,interferometry,
interglacial,False,False,True,AGU Index Terms,,0,0,AGU Index Terms,1,interglacial,
interhemispheric phasing,False,False,True,AGU Index Terms,,0,0,AGU Index Terms,1,interhemispheric phasing,
interiors,False,False,True,AGU Index Terms,,0,0,AGU Index Terms,1,interiors,
internal and inertial waves,False,False,True,AGU Index Terms,,0,0,AGU Index Terms,1,internal and inertial waves,
international collaboration,False,False,True,AGU Index Terms,,0,0,AGU Index Terms,1,international collaboration,
international organizations and natural disasters,False,False,True,AGU Index Terms,,0,0,AGU Index Terms,1,international organizations and natural disasters,
interoperability,False,False,True,AGU Index Terms,,0,0,AGU Index Terms,1,interoperability,
interplanetary dust,False,False,True,AGU Index Terms,,0,0,AGU Index Terms,1,interplanetary dust,
interplanetary magnetic fields,False,False,True,AGU Index Terms,,0,0,AGU Index Terms,1,interplanetary magnetic fields,
interplanetary physics,False,False,True,AGU Index Terms,,0,0,AGU Index Terms,1,interplanetary physics,
interplanetary shocks,False,False,True,AGU Index Terms,,0,0,AGU Index Terms,1,interplanetary shocks,
interstellar gas,False,False,True,AGU Index Terms,,0,0,AGU Index Terms,1,interstellar gas,
intra-plate processes,False,False,True,AGU Index Terms,,0,0,AGU Index Terms,1,intra-plate processes,
intrusive structures and rocks,False,False,True,AGU Index Terms,,0,0,AGU Index Terms,1,intrusive structures and rocks,
inverse scattering,False,False,True,AGU Index Terms,,0,0,AGU Index Terms,1,inverse scattering,
inverse theory,False,False,True,AGU Index Terms,,0,0,AGU Index Terms,1,inverse theory,
ion chemistry and composition,False,False,True,AGU Index Terms,,0,0,AGU Index Terms,1,ion chemistry and composition,
ion chemistry of the atmosphere,False,False,True,AGU Index Terms,,0,0,AGU Index Terms,1,ion chemistry of the atmosphere,
ionization processes,False,False,True,AGU Index Terms,,0,0,AGU Index Terms,1,ionization processes,
ionosphere/atmosphere interactions,False,False,True,AGU Index Terms,,0,0,AGU Index Terms,1,ionosphere/atmosphere interactions,
ionosphere/magnetosphere interactions,False,False,True,AGU Index Terms,,0,0,AGU Index Terms,1,ionosphere/magnetosphere interactions,
ionospheres,False,False,True,AGU Index Terms,,0,0,AGU Index Terms,1,ionospheres,
ionospheric disturbances,False,False,True,AGU Index Terms,,0,0,AGU Index Terms,1,ionospheric disturbances,
ionospheric dynamics,False,False,True,AGU Index Terms,,0,0,AGU Index Terms,1,ionospheric dynamics,
ionospheric effects on radio waves,False,False,True,AGU Index Terms,,0,0,AGU Index Terms,1,ionospheric effects on radio waves,
ionospheric irregularities,False,False,True,AGU Index Terms,,0,0,AGU Index Terms,1,ionospheric irregularities,
ionospheric physics,False,False,True,AGU Index Terms,,0,0,AGU Index Terms,1,ionospheric physics,
ionospheric propagation,False,False,True,AGU Index Terms,,0,0,AGU Index Terms,1,ionospheric propagation,
ionospheric storms,False,False,True,AGU Index Terms,,0,0,AGU Index Terms,1,ionospheric storms,
isotopic composition and chemistry,False,False,True,AGU Index Terms,,0,0,AGU Index Terms,1,isotopic composition and chemistry,
isotopic disequilibrium dating,False,False,True,AGU Index Terms,,0,0,AGU Index Terms,1,isotopic disequilibrium dating,
isotopic stage,False,False,True,AGU Index Terms,,0,0,AGU Index Terms,1,isotopic stage,
jovian satellites,False,False,True,AGU Index Terms,,0,0,AGU Index Terms,1,jovian satellites,
jurassic,False,False,True,AGU Index Terms,,0,0,AGU Index Terms,1,jurassic,
kinematics of crustal and mantle deformation,False,False,True,AGU Index Terms,,0,0,AGU Index Terms,1,kinematics of crustal and mantle deformation,
kinetic and mhd theory,False,False,True,AGU Index Terms,,0,0,AGU Index Terms,1,kinetic and mhd theory,
kinetic waves and instabilities,False,False,True,AGU Index Terms,,0,0,AGU Index Terms,1,kinetic waves and instabilities,
knowledge representation and knowledge bases,False,False,True,AGU Index Terms,,0,0,AGU Index Terms,1,knowledge representation and knowledge bases,
kuiper belt objects,False,False,True,AGU Index Terms,,0,0,AGU Index Terms,1,kuiper belt objects,
laboratory studies and experimental techniques,False,False,True,AGU Index Terms,,0,0,AGU Index Terms,1,laboratory studies and experimental techniques,
lakes,False,False,True,AGU Index Terms,,0,0,AGU Index Terms,1,lakes,
land cover change,False,False,True,AGU Index Terms,,0,0,AGU Index Terms,1,land cover change,
land/atmosphere interactions,False,False,True,AGU Index Terms,,0,0,AGU Index Terms,1,land/atmosphere interactions,
large bodies of water,False,False,True,AGU Index Terms,,0,0,AGU Index Terms,1,large bodies of water,
large eddy simulation,False,False,True,AGU Index Terms,,0,0,AGU Index Terms,1,large eddy simulation,
lava rheology and morphology,False,False,True,AGU Index Terms,,0,0,AGU Index Terms,1,lava rheology and morphology,
layered magma chambers,False,False,True,AGU Index Terms,,0,0,AGU Index Terms,1,layered magma chambers,
legislation and regulations,False,False,True,AGU Index Terms,,0,0,AGU Index Terms,1,legislation and regulations,
life in extreme environments,False,False,True,AGU Index Terms,,0,0,AGU Index Terms,1,life in extreme environments,
lithospheric flexure,False,False,True,AGU Index Terms,,0,0,AGU Index Terms,1,lithospheric flexure,
littoral processes,False,False,True,AGU Index Terms,,0,0,AGU Index Terms,1,littoral processes,
local crustal structure,False,False,True,AGU Index Terms,,0,0,AGU Index Terms,1,local crustal structure,
lunar and planetary geodesy and gravity,False,False,True,AGU Index Terms,,0,0,AGU Index Terms,1,lunar and planetary geodesy and gravity,
machine learning,False,False,True,AGU Index Terms,,0,0,AGU Index Terms,1,machine learning,
machine-to-machine communication,False,False,True,AGU Index Terms,,0,0,AGU Index Terms,1,machine-to-machine communication,
macro- and micropaleontology,False,False,True,AGU Index Terms,,0,0,AGU Index Terms,1,macro- and micropaleontology,
magma chamber processes,False,False,True,AGU Index Terms,,0,0,AGU Index Terms,1,magma chamber processes,
magma genesis and partial melting,False,False,True,AGU Index Terms,,0,0,AGU Index Terms,1,magma genesis and partial melting,
magma migration and fragmentation,False,False,True,AGU Index Terms,,0,0,AGU Index Terms,1,magma migration and fragmentation,
magnetic and electrical methods,False,False,True,AGU Index Terms,,0,0,AGU Index Terms,1,magnetic and electrical methods,
magnetic and electrical properties,False,False,True,AGU Index Terms,,0,0,AGU Index Terms,1,magnetic and electrical properties,
magnetic anomalies: modeling and interpretation,False,False,True,AGU Index Terms,,0,0,AGU Index Terms,1,magnetic anomalies: modeling and interpretation,
magnetic fabrics and anisotropy,False,False,True,AGU Index Terms,,0,0,AGU Index Terms,1,magnetic fabrics and anisotropy,
magnetic fields,False,False,True,AGU Index Terms,,0,0,AGU Index Terms,1,magnetic fields,
magnetic fields and magnetism,False,False,True,AGU Index Terms,,0,0,AGU Index Terms,1,magnetic fields and magnetism,
magnetic mineralogy and petrology,False,False,True,AGU Index Terms,,0,0,AGU Index Terms,1,magnetic mineralogy and petrology,
magnetic storms and substorms,False,False,True,AGU Index Terms,,0,0,AGU Index Terms,1,magnetic storms and substorms,
magnetopause and boundary layers,False,False,True,AGU Index Terms,,0,0,AGU Index Terms,1,magnetopause and boundary layers,
magnetosphere interactions with satellites and rings,False,False,True,AGU Index Terms,,0,0,AGU Index Terms,1,magnetosphere interactions with satellites and rings,
magnetosphere/ionosphere interactions,False,False,True,AGU Index Terms,,0,0,AGU Index Terms,1,magnetosphere/ionosphere interactions,
magnetosphere: inner,False,False,True,AGU Index Terms,,0,0,AGU Index Terms,1,magnetosphere: inner,
magnetosphere: outer,False,False,True,AGU Index Terms,,0,0,AGU Index Terms,1,magnetosphere: outer,
magnetospheres,False,False,True,AGU Index Terms,,0,0,AGU Index Terms,1,magnetospheres,
magnetospheric configuration and dynamics,False,False,True,AGU Index Terms,,0,0,AGU Index Terms,1,magnetospheric configuration and dynamics,
magnetospheric physics,False,False,True,AGU Index Terms,,0,0,AGU Index Terms,1,magnetospheric physics,
magnetostratigraphy,False,False,True,AGU Index Terms,,0,0,AGU Index Terms,1,magnetostratigraphy,
magnetotail boundary layers,False,False,True,AGU Index Terms,,0,0,AGU Index Terms,1,magnetotail boundary layers,
major and trace element geochemistry,False,False,True,AGU Index Terms,,0,0,AGU Index Terms,1,major and trace element geochemistry,
mantle,False,False,True,AGU Index Terms,,0,0,AGU Index Terms,1,mantle,
mantle processes,False,False,True,AGU Index Terms,,0,0,AGU Index Terms,1,mantle processes,
marginal and semi-enclosed seas,False,False,True,AGU Index Terms,,0,0,AGU Index Terms,1,marginal and semi-enclosed seas,
marine electromagnetics,False,False,True,AGU Index Terms,,0,0,AGU Index Terms,1,marine electromagnetics,
marine geology and geophysics,False,False,True,AGU Index Terms,,0,0,AGU Index Terms,1,marine geology and geophysics,
marine hydrogeology,False,False,True,AGU Index Terms,,0,0,AGU Index Terms,1,marine hydrogeology,
marine inorganic chemistry,False,False,True,AGU Index Terms,,0,0,AGU Index Terms,1,marine inorganic chemistry,
marine magnetics and paleomagnetics,False,False,True,AGU Index Terms,,0,0,AGU Index Terms,1,marine magnetics and paleomagnetics,
marine meteorology,False,False,True,AGU Index Terms,,0,0,AGU Index Terms,1,marine meteorology,
marine organic chemistry,False,False,True,AGU Index Terms,,0,0,AGU Index Terms,1,marine organic chemistry,
marine sediments: processes and transport,False,False,True,AGU Index Terms,,0,0,AGU Index Terms,1,marine sediments: processes and transport,
marine seismics,False,False,True,AGU Index Terms,,0,0,AGU Index Terms,1,marine seismics,
marine systems,False,False,True,AGU Index Terms,,0,0,AGU Index Terms,1,marine systems,
markup languages,False,False,True,AGU Index Terms,,0,0,AGU Index Terms,1,markup languages,
martian satellites,False,False,True,AGU Index Terms,,0,0,AGU Index Terms,1,martian satellites,
mathematical and computer modeling,False,False,True,AGU Index Terms,,0,0,AGU Index Terms,1,mathematical and computer modeling,
mathematical and numerical techniques,False,False,True,AGU Index Terms,,0,0,AGU Index Terms,1,mathematical and numerical techniques,
mathematical geophysics,False,False,True,AGU Index Terms,,0,0,AGU Index Terms,1,mathematical geophysics,
measurement and standards,False,False,True,AGU Index Terms,,0,0,AGU Index Terms,1,measurement and standards,
"mechanics, theory, and modeling",False,False,True,AGU Index Terms,,0,0,AGU Index Terms,1,"mechanics, theory, and modeling",
megacities and urban environment,False,False,True,AGU Index Terms,,0,0,AGU Index Terms,1,megacities and urban environment,
melanges,False,False,True,AGU Index Terms,,0,0,AGU Index Terms,1,melanges,
mesoscale meteorology,False,False,True,AGU Index Terms,,0,0,AGU Index Terms,1,mesoscale meteorology,
mesoscopic fabrics,False,False,True,AGU Index Terms,,0,0,AGU Index Terms,1,mesoscopic fabrics,
mesospheric dynamics,False,False,True,AGU Index Terms,,0,0,AGU Index Terms,1,mesospheric dynamics,
mesozoic,False,False,True,AGU Index Terms,,0,0,AGU Index Terms,1,mesozoic,
metadata,False,False,True,AGU Index Terms,,0,0,AGU Index Terms,1,metadata,
metadata: provenance,False,False,True,AGU Index Terms,,0,0,AGU Index Terms,1,metadata: provenance,
metadata: quality,False,False,True,AGU Index Terms,,0,0,AGU Index Terms,1,metadata: quality,
metamorphic petrology,False,False,True,AGU Index Terms,,0,0,AGU Index Terms,1,metamorphic petrology,
meteor-trail physics,False,False,True,AGU Index Terms,,0,0,AGU Index Terms,1,meteor-trail physics,
meteorite mineralogy and petrology,False,False,True,AGU Index Terms,,0,0,AGU Index Terms,1,meteorite mineralogy and petrology,
meteorites and tektites,False,False,True,AGU Index Terms,,0,0,AGU Index Terms,1,meteorites and tektites,
meteors,False,False,True,AGU Index Terms,,0,0,AGU Index Terms,1,meteors,
methods,False,False,True,AGU Index Terms,,0,0,AGU Index Terms,1,methods,
mhd waves and instabilities,False,False,True,AGU Index Terms,,0,0,AGU Index Terms,1,mhd waves and instabilities,
mhd waves and turbulence,False,False,True,AGU Index Terms,,0,0,AGU Index Terms,1,mhd waves and turbulence,
microbe/mineral interactions,False,False,True,AGU Index Terms,,0,0,AGU Index Terms,1,microbe/mineral interactions,
microbiology and microbial ecology,False,False,True,AGU Index Terms,,0,0,AGU Index Terms,1,microbiology and microbial ecology,
"microbiology: ecology, physiology and genomics",False,False,True,AGU Index Terms,,0,0,AGU Index Terms,1,"microbiology: ecology, physiology and genomics",
micropaleontology,False,False,True,AGU Index Terms,,0,0,AGU Index Terms,1,micropaleontology,
microstructure,False,False,True,AGU Index Terms,,0,0,AGU Index Terms,1,microstructure,
microstructures,False,False,True,AGU Index Terms,,0,0,AGU Index Terms,1,microstructures,
microzonation and macrozonation,False,False,True,AGU Index Terms,,0,0,AGU Index Terms,1,microzonation and macrozonation,
mid-oceanic ridge processes,False,False,True,AGU Index Terms,,0,0,AGU Index Terms,1,mid-oceanic ridge processes,
middle atmosphere dynamics,False,False,True,AGU Index Terms,,0,0,AGU Index Terms,1,middle atmosphere dynamics,
middle atmosphere: composition and chemistry,False,False,True,AGU Index Terms,,0,0,AGU Index Terms,1,middle atmosphere: composition and chemistry,
middle atmosphere: constituent transport and chemistry,False,False,True,AGU Index Terms,,0,0,AGU Index Terms,1,middle atmosphere: constituent transport and chemistry,
middle atmosphere: energy deposition,False,False,True,AGU Index Terms,,0,0,AGU Index Terms,1,middle atmosphere: energy deposition,
midlatitude ionosphere,False,False,True,AGU Index Terms,,0,0,AGU Index Terms,1,midlatitude ionosphere,
midocean ridge processes,False,False,True,AGU Index Terms,,0,0,AGU Index Terms,1,midocean ridge processes,
milankovitch theory,False,False,True,AGU Index Terms,,0,0,AGU Index Terms,1,milankovitch theory,
mineral and crystal chemistry,False,False,True,AGU Index Terms,,0,0,AGU Index Terms,1,mineral and crystal chemistry,
mineral occurrences and deposits,False,False,True,AGU Index Terms,,0,0,AGU Index Terms,1,mineral occurrences and deposits,
mineral physics,False,False,True,AGU Index Terms,,0,0,AGU Index Terms,1,mineral physics,
mineralogy and petrology,False,False,True,AGU Index Terms,,0,0,AGU Index Terms,1,mineralogy and petrology,
miscellaneous,False,False,True,AGU Index Terms,,0,0,AGU Index Terms,1,miscellaneous,
model calibration,False,False,True,AGU Index Terms,,0,0,AGU Index Terms,1,model calibration,
model verification and validation,False,False,True,AGU Index Terms,,0,0,AGU Index Terms,1,model verification and validation,
modeling,False,False,True,AGU Index Terms,,0,0,AGU Index Terms,1,modeling,
modeling and forecasting,False,False,True,AGU Index Terms,,0,0,AGU Index Terms,1,modeling and forecasting,
monitoring networks,False,False,True,AGU Index Terms,,0,0,AGU Index Terms,1,monitoring networks,
"monitoring, forecasting, prediction",False,False,True,AGU Index Terms,,0,0,AGU Index Terms,1,"monitoring, forecasting, prediction",
monte carlo technique,False,False,True,AGU Index Terms,,0,0,AGU Index Terms,1,monte carlo technique,
mud volcanism,False,False,True,AGU Index Terms,,0,0,AGU Index Terms,1,mud volcanism,
multihazards,False,False,True,AGU Index Terms,,0,0,AGU Index Terms,1,multihazards,
natural products chemistry,False,False,True,AGU Index Terms,,0,0,AGU Index Terms,1,natural products chemistry,
nearshore processes,False,False,True,AGU Index Terms,,0,0,AGU Index Terms,1,nearshore processes,
neogene,False,False,True,AGU Index Terms,,0,0,AGU Index Terms,1,neogene,
neptunian satellites,False,False,True,AGU Index Terms,,0,0,AGU Index Terms,1,neptunian satellites,
"neural networks, fuzzy logic, machine learning",False,False,True,AGU Index Terms,,0,0,AGU Index Terms,1,"neural networks, fuzzy logic, machine learning",
neutral particles,False,False,True,AGU Index Terms,,0,0,AGU Index Terms,1,neutral particles,
new fields,False,False,True,AGU Index Terms,,0,0,AGU Index Terms,1,new fields,
nitrogen cycling,False,False,True,AGU Index Terms,,0,0,AGU Index Terms,1,nitrogen cycling,
"nmr, mossbauer spectroscopy, and other magnetic techniques",False,False,True,AGU Index Terms,,0,0,AGU Index Terms,1,"nmr, mossbauer spectroscopy, and other magnetic techniques",
non-tectonic deformation,False,False,True,AGU Index Terms,,0,0,AGU Index Terms,1,non-tectonic deformation,
nonlinear differential equations,False,False,True,AGU Index Terms,,0,0,AGU Index Terms,1,nonlinear differential equations,
nonlinear electromagnetics,False,False,True,AGU Index Terms,,0,0,AGU Index Terms,1,nonlinear electromagnetics,
nonlinear geophysics,False,False,True,AGU Index Terms,,0,0,AGU Index Terms,1,nonlinear geophysics,
nonlinear maps,False,False,True,AGU Index Terms,,0,0,AGU Index Terms,1,nonlinear maps,
nonlinear phenomena,False,False,True,AGU Index Terms,,0,0,AGU Index Terms,1,nonlinear phenomena,
"nonlinear waves, shock waves, solitons",False,False,True,AGU Index Terms,,0,0,AGU Index Terms,1,"nonlinear waves, shock waves, solitons",
north american monsoon,False,False,True,AGU Index Terms,,0,0,AGU Index Terms,1,north american monsoon,
notices and announcements,False,False,True,AGU Index Terms,,0,0,AGU Index Terms,1,notices and announcements,
numerical algorithms,False,False,True,AGU Index Terms,,0,0,AGU Index Terms,1,numerical algorithms,
numerical approximations and analyses,False,False,True,AGU Index Terms,,0,0,AGU Index Terms,1,numerical approximations and analyses,
numerical approximations and analysis,False,False,True,AGU Index Terms,,0,0,AGU Index Terms,1,numerical approximations and analysis,
numerical methods,False,False,True,AGU Index Terms,,0,0,AGU Index Terms,1,numerical methods,
numerical modeling,False,False,True,AGU Index Terms,,0,0,AGU Index Terms,1,numerical modeling,
numerical solutions,False,False,True,AGU Index Terms,,0,0,AGU Index Terms,1,numerical solutions,
nutrients and nutrient cycling,False,False,True,AGU Index Terms,,0,0,AGU Index Terms,1,nutrients and nutrient cycling,
obduction tectonics,False,False,True,AGU Index Terms,,0,0,AGU Index Terms,1,obduction tectonics,
ocean data assimilation and reanalysis,False,False,True,AGU Index Terms,,0,0,AGU Index Terms,1,ocean data assimilation and reanalysis,
ocean drilling,False,False,True,AGU Index Terms,,0,0,AGU Index Terms,1,ocean drilling,
ocean fog,False,False,True,AGU Index Terms,,0,0,AGU Index Terms,1,ocean fog,
ocean influence of earth rotation,False,False,True,AGU Index Terms,,0,0,AGU Index Terms,1,ocean influence of earth rotation,
ocean monitoring with geodetic techniques,False,False,True,AGU Index Terms,,0,0,AGU Index Terms,1,ocean monitoring with geodetic techniques,
ocean observatories and experiments,False,False,True,AGU Index Terms,,0,0,AGU Index Terms,1,ocean observatories and experiments,
ocean observing systems,False,False,True,AGU Index Terms,,0,0,AGU Index Terms,1,ocean observing systems,
ocean predictability and prediction,False,False,True,AGU Index Terms,,0,0,AGU Index Terms,1,ocean predictability and prediction,
ocean sciences,False,False,True,AGU Index Terms,,0,0,AGU Index Terms,1,ocean sciences,
ocean/atmosphere interactions,False,False,True,AGU Index Terms,,0,0,AGU Index Terms,1,ocean/atmosphere interactions,
ocean/earth/atmosphere/hydrosphere/cryosphere interactions,False,False,True,AGU Index Terms,,0,0,AGU Index Terms,1,ocean/earth/atmosphere/hydrosphere/cryosphere interactions,
oceanic,False,False,True,AGU Index Terms,,0,0,AGU Index Terms,1,oceanic,
oceanic crust,False,False,True,AGU Index Terms,,0,0,AGU Index Terms,1,oceanic crust,
oceanic hotspots and intraplate volcanism,False,False,True,AGU Index Terms,,0,0,AGU Index Terms,1,oceanic hotspots and intraplate volcanism,
oceanic plateaus and microcontinents,False,False,True,AGU Index Terms,,0,0,AGU Index Terms,1,oceanic plateaus and microcontinents,
oceanic structures,False,False,True,AGU Index Terms,,0,0,AGU Index Terms,1,oceanic structures,
oceanic transform and fracture zone processes,False,False,True,AGU Index Terms,,0,0,AGU Index Terms,1,oceanic transform and fracture zone processes,
oceanography: biological and chemical,False,False,True,AGU Index Terms,,0,0,AGU Index Terms,1,oceanography: biological and chemical,
oceanography: general,False,False,True,AGU Index Terms,,0,0,AGU Index Terms,1,oceanography: general,
oceanography: physical,False,False,True,AGU Index Terms,,0,0,AGU Index Terms,1,oceanography: physical,
ontologies,False,False,True,AGU Index Terms,,0,0,AGU Index Terms,1,ontologies,
ophiolites,False,False,True,AGU Index Terms,,0,0,AGU Index Terms,1,ophiolites,
"optical, infrared, and raman spectroscopy",False,False,True,AGU Index Terms,,0,0,AGU Index Terms,1,"optical, infrared, and raman spectroscopy",
optics,False,False,True,AGU Index Terms,,0,0,AGU Index Terms,1,optics,
orbital and rotational dynamics,False,False,True,AGU Index Terms,,0,0,AGU Index Terms,1,orbital and rotational dynamics,
ordovician,False,False,True,AGU Index Terms,,0,0,AGU Index Terms,1,ordovician,
organic and biogenic geochemistry,False,False,True,AGU Index Terms,,0,0,AGU Index Terms,1,organic and biogenic geochemistry,
origin and evolution,False,False,True,AGU Index Terms,,0,0,AGU Index Terms,1,origin and evolution,
origin of life,False,False,True,AGU Index Terms,,0,0,AGU Index Terms,1,origin of life,
overflows,False,False,True,AGU Index Terms,,0,0,AGU Index Terms,1,overflows,
overland flow,False,False,True,AGU Index Terms,,0,0,AGU Index Terms,1,overland flow,
oxidation/reduction reactions,False,False,True,AGU Index Terms,,0,0,AGU Index Terms,1,oxidation/reduction reactions,
pacific ocean,False,False,True,AGU Index Terms,,0,0,AGU Index Terms,1,pacific ocean,
paleoceanography,False,False,True,AGU Index Terms,,0,0,AGU Index Terms,1,paleoceanography,
paleocene/eocene thermal maximum,False,False,True,AGU Index Terms,,0,0,AGU Index Terms,1,paleocene/eocene thermal maximum,
paleoclimatology,False,False,True,AGU Index Terms,,0,0,AGU Index Terms,1,paleoclimatology,
paleoclimatology and paleoceanography,False,False,True,AGU Index Terms,,0,0,AGU Index Terms,1,paleoclimatology and paleoceanography,
paleoecology,False,False,True,AGU Index Terms,,0,0,AGU Index Terms,1,paleoecology,
paleogene,False,False,True,AGU Index Terms,,0,0,AGU Index Terms,1,paleogene,
paleointensity,False,False,True,AGU Index Terms,,0,0,AGU Index Terms,1,paleointensity,
paleomagnetic secular variation,False,False,True,AGU Index Terms,,0,0,AGU Index Terms,1,paleomagnetic secular variation,
paleomagnetism applied to geologic processes,False,False,True,AGU Index Terms,,0,0,AGU Index Terms,1,paleomagnetism applied to geologic processes,
"paleomagnetism applied to tectonics: regional, global",False,False,True,AGU Index Terms,,0,0,AGU Index Terms,1,"paleomagnetism applied to tectonics: regional, global",
paleoseismology,False,False,True,AGU Index Terms,,0,0,AGU Index Terms,1,paleoseismology,
paleozoic,False,False,True,AGU Index Terms,,0,0,AGU Index Terms,1,paleozoic,
palynology,False,False,True,AGU Index Terms,,0,0,AGU Index Terms,1,palynology,
parametric processes,False,False,True,AGU Index Terms,,0,0,AGU Index Terms,1,parametric processes,
particle acceleration,False,False,True,AGU Index Terms,,0,0,AGU Index Terms,1,particle acceleration,
particle precipitation,False,False,True,AGU Index Terms,,0,0,AGU Index Terms,1,particle precipitation,
pattern formation,False,False,True,AGU Index Terms,,0,0,AGU Index Terms,1,pattern formation,
"permafrost, cryosphere, and high-latitude processes",False,False,True,AGU Index Terms,,0,0,AGU Index Terms,1,"permafrost, cryosphere, and high-latitude processes",
permeability and porosity,False,False,True,AGU Index Terms,,0,0,AGU Index Terms,1,permeability and porosity,
permian,False,False,True,AGU Index Terms,,0,0,AGU Index Terms,1,permian,
"persistence, memory, correlations, clustering",False,False,True,AGU Index Terms,,0,0,AGU Index Terms,1,"persistence, memory, correlations, clustering",
"petrography, microstructures, and textures",False,False,True,AGU Index Terms,,0,0,AGU Index Terms,1,"petrography, microstructures, and textures",
phase transitions,False,False,True,AGU Index Terms,,0,0,AGU Index Terms,1,phase transitions,
physical and biogeochemical interactions,False,False,True,AGU Index Terms,,0,0,AGU Index Terms,1,physical and biogeochemical interactions,
physical and chemical properties of seawater,False,False,True,AGU Index Terms,,0,0,AGU Index Terms,1,physical and chemical properties of seawater,
physical modeling,False,False,True,AGU Index Terms,,0,0,AGU Index Terms,1,physical modeling,
physical properties of materials,False,False,True,AGU Index Terms,,0,0,AGU Index Terms,1,physical properties of materials,
physical properties of rocks,False,False,True,AGU Index Terms,,0,0,AGU Index Terms,1,physical properties of rocks,
physical thermodynamics,False,False,True,AGU Index Terms,,0,0,AGU Index Terms,1,physical thermodynamics,
physics and chemistry of magma bodies,False,False,True,AGU Index Terms,,0,0,AGU Index Terms,1,physics and chemistry of magma bodies,
physics and chemistry of materials,False,False,True,AGU Index Terms,,0,0,AGU Index Terms,1,physics and chemistry of materials,
physics of magma and magma bodies,False,False,True,AGU Index Terms,,0,0,AGU Index Terms,1,physics of magma and magma bodies,
pickup ions,False,False,True,AGU Index Terms,,0,0,AGU Index Terms,1,pickup ions,
planetary and lunar geochronology,False,False,True,AGU Index Terms,,0,0,AGU Index Terms,1,planetary and lunar geochronology,
planetary atmospheres,False,False,True,AGU Index Terms,,0,0,AGU Index Terms,1,planetary atmospheres,
"planetary atmospheres, clouds, and hazes",False,False,True,AGU Index Terms,,0,0,AGU Index Terms,1,"planetary atmospheres, clouds, and hazes",
planetary bow shocks,False,False,True,AGU Index Terms,,0,0,AGU Index Terms,1,planetary bow shocks,
planetary geochemistry,False,False,True,AGU Index Terms,,0,0,AGU Index Terms,1,planetary geochemistry,
planetary interiors,False,False,True,AGU Index Terms,,0,0,AGU Index Terms,1,planetary interiors,
planetary ionospheres,False,False,True,AGU Index Terms,,0,0,AGU Index Terms,1,planetary ionospheres,
planetary magnetism: all frequencies and wavelengths,False,False,True,AGU Index Terms,,0,0,AGU Index Terms,1,planetary magnetism: all frequencies and wavelengths,
planetary magnetospheres,False,False,True,AGU Index Terms,,0,0,AGU Index Terms,1,planetary magnetospheres,
planetary meteorology,False,False,True,AGU Index Terms,,0,0,AGU Index Terms,1,planetary meteorology,
planetary mineralogy and petrology,False,False,True,AGU Index Terms,,0,0,AGU Index Terms,1,planetary mineralogy and petrology,
planetary rings,False,False,True,AGU Index Terms,,0,0,AGU Index Terms,1,planetary rings,
planetary sciences: astrobiology,False,False,True,AGU Index Terms,,0,0,AGU Index Terms,1,planetary sciences: astrobiology,
planetary sciences: comets and small bodies,False,False,True,AGU Index Terms,,0,0,AGU Index Terms,1,planetary sciences: comets and small bodies,
planetary sciences: fluid planets,False,False,True,AGU Index Terms,,0,0,AGU Index Terms,1,planetary sciences: fluid planets,
planetary sciences: solar system objects,False,False,True,AGU Index Terms,,0,0,AGU Index Terms,1,planetary sciences: solar system objects,
planetary sciences: solid surface planets,False,False,True,AGU Index Terms,,0,0,AGU Index Terms,1,planetary sciences: solid surface planets,
planetary tectonics,False,False,True,AGU Index Terms,,0,0,AGU Index Terms,1,planetary tectonics,
planetary volcanism,False,False,True,AGU Index Terms,,0,0,AGU Index Terms,1,planetary volcanism,
planetary waves,False,False,True,AGU Index Terms,,0,0,AGU Index Terms,1,planetary waves,
planetology,False,False,True,AGU Index Terms,,0,0,AGU Index Terms,1,planetology,
plant uptake,False,False,True,AGU Index Terms,,0,0,AGU Index Terms,1,plant uptake,
plasma and mhd instabilities,False,False,True,AGU Index Terms,,0,0,AGU Index Terms,1,plasma and mhd instabilities,
plasma convection,False,False,True,AGU Index Terms,,0,0,AGU Index Terms,1,plasma convection,
plasma energization,False,False,True,AGU Index Terms,,0,0,AGU Index Terms,1,plasma energization,
plasma interactions with dust and aerosols,False,False,True,AGU Index Terms,,0,0,AGU Index Terms,1,plasma interactions with dust and aerosols,
plasma temperature and density,False,False,True,AGU Index Terms,,0,0,AGU Index Terms,1,plasma temperature and density,
plasma waves and instabilities,False,False,True,AGU Index Terms,,0,0,AGU Index Terms,1,plasma waves and instabilities,
plasma waves and turbulence,False,False,True,AGU Index Terms,,0,0,AGU Index Terms,1,plasma waves and turbulence,
plasmas,False,False,True,AGU Index Terms,,0,0,AGU Index Terms,1,plasmas,
"plasticity, diffusion, and creep",False,False,True,AGU Index Terms,,0,0,AGU Index Terms,1,"plasticity, diffusion, and creep",
plate boundary: general,False,False,True,AGU Index Terms,,0,0,AGU Index Terms,1,plate boundary: general,
plate motions: general,False,False,True,AGU Index Terms,,0,0,AGU Index Terms,1,plate motions: general,
plate motions: past,False,False,True,AGU Index Terms,,0,0,AGU Index Terms,1,plate motions: past,
plate motions: present and recent,False,False,True,AGU Index Terms,,0,0,AGU Index Terms,1,plate motions: present and recent,
pluto and satellites,False,False,True,AGU Index Terms,,0,0,AGU Index Terms,1,pluto and satellites,
pluton emplacement,False,False,True,AGU Index Terms,,0,0,AGU Index Terms,1,pluton emplacement,
polar cap ionosphere,False,False,True,AGU Index Terms,,0,0,AGU Index Terms,1,polar cap ionosphere,
polar cap phenomena,False,False,True,AGU Index Terms,,0,0,AGU Index Terms,1,polar cap phenomena,
polar meteorology,False,False,True,AGU Index Terms,,0,0,AGU Index Terms,1,polar meteorology,
polar regions,False,False,True,AGU Index Terms,,0,0,AGU Index Terms,1,polar regions,
policy sciences,False,False,True,AGU Index Terms,,0,0,AGU Index Terms,1,policy sciences,
pollution: urban and regional,False,False,True,AGU Index Terms,,0,0,AGU Index Terms,1,pollution: urban and regional,
"pollution: urban, regional and global",False,False,True,AGU Index Terms,,0,0,AGU Index Terms,1,"pollution: urban, regional and global",
polynas,False,False,True,AGU Index Terms,,0,0,AGU Index Terms,1,polynas,
ponds,False,False,True,AGU Index Terms,,0,0,AGU Index Terms,1,ponds,
population dynamics and ecology,False,False,True,AGU Index Terms,,0,0,AGU Index Terms,1,population dynamics and ecology,
portals and user interfaces,False,False,True,AGU Index Terms,,0,0,AGU Index Terms,1,portals and user interfaces,
post-secondary education,False,False,True,AGU Index Terms,,0,0,AGU Index Terms,1,post-secondary education,
precambrian,False,False,True,AGU Index Terms,,0,0,AGU Index Terms,1,precambrian,
precipitation-radar,False,False,True,AGU Index Terms,,0,0,AGU Index Terms,1,precipitation-radar,
precursors,False,False,True,AGU Index Terms,,0,0,AGU Index Terms,1,precursors,
prediction,False,False,True,AGU Index Terms,,0,0,AGU Index Terms,1,prediction,
preparedness and planning,False,False,True,AGU Index Terms,,0,0,AGU Index Terms,1,preparedness and planning,
"pressure, density, and temperature",False,False,True,AGU Index Terms,,0,0,AGU Index Terms,1,"pressure, density, and temperature",
pressure-temperature-time paths,False,False,True,AGU Index Terms,,0,0,AGU Index Terms,1,pressure-temperature-time paths,
probabilistic forecasting,False,False,True,AGU Index Terms,,0,0,AGU Index Terms,1,probabilistic forecasting,
"probability distributions, heavy and fat-tailed",False,False,True,AGU Index Terms,,0,0,AGU Index Terms,1,"probability distributions, heavy and fat-tailed",
project evaluation,False,False,True,AGU Index Terms,,0,0,AGU Index Terms,1,project evaluation,
prominence eruptions,False,False,True,AGU Index Terms,,0,0,AGU Index Terms,1,prominence eruptions,
properties,False,False,True,AGU Index Terms,,0,0,AGU Index Terms,1,properties,
proterozoic,False,False,True,AGU Index Terms,,0,0,AGU Index Terms,1,proterozoic,
psychology of disasters,False,False,True,AGU Index Terms,,0,0,AGU Index Terms,1,psychology of disasters,
public issues,False,False,True,AGU Index Terms,,0,0,AGU Index Terms,1,public issues,
quaternary geochronology,False,False,True,AGU Index Terms,,0,0,AGU Index Terms,1,quaternary geochronology,
"query languages for science, markup languages, ontologies",False,False,True,AGU Index Terms,,0,0,AGU Index Terms,1,"query languages for science, markup languages, ontologies",
radar astronomy,False,False,True,AGU Index Terms,,0,0,AGU Index Terms,1,radar astronomy,
radar atmospheric physics,False,False,True,AGU Index Terms,,0,0,AGU Index Terms,1,radar atmospheric physics,
radiation and chemistry,False,False,True,AGU Index Terms,,0,0,AGU Index Terms,1,radiation and chemistry,
radiation processes,False,False,True,AGU Index Terms,,0,0,AGU Index Terms,1,radiation processes,
radiation: transmission and scattering,False,False,True,AGU Index Terms,,0,0,AGU Index Terms,1,radiation: transmission and scattering,
radiative processes,False,False,True,AGU Index Terms,,0,0,AGU Index Terms,1,radiative processes,
radio astronomy,False,False,True,AGU Index Terms,,0,0,AGU Index Terms,1,radio astronomy,
radio emissions,False,False,True,AGU Index Terms,,0,0,AGU Index Terms,1,radio emissions,
radio oceanography,False,False,True,AGU Index Terms,,0,0,AGU Index Terms,1,radio oceanography,
radio science,False,False,True,AGU Index Terms,,0,0,AGU Index Terms,1,radio science,
radio wave propagation,False,False,True,AGU Index Terms,,0,0,AGU Index Terms,1,radio wave propagation,
radioactivity and radioisotopes,False,False,True,AGU Index Terms,,0,0,AGU Index Terms,1,radioactivity and radioisotopes,
radioactivity methods,False,False,True,AGU Index Terms,,0,0,AGU Index Terms,1,radioactivity methods,
radiogenic isotope geochemistry,False,False,True,AGU Index Terms,,0,0,AGU Index Terms,1,radiogenic isotope geochemistry,
radioisotope geochronology,False,False,True,AGU Index Terms,,0,0,AGU Index Terms,1,radioisotope geochronology,
random media and rough surfaces,False,False,True,AGU Index Terms,,0,0,AGU Index Terms,1,random media and rough surfaces,
rapid time variations,False,False,True,AGU Index Terms,,0,0,AGU Index Terms,1,rapid time variations,
reactions and phase equilibria,False,False,True,AGU Index Terms,,0,0,AGU Index Terms,1,reactions and phase equilibria,
real-time and responsive information delivery,False,False,True,AGU Index Terms,,0,0,AGU Index Terms,1,real-time and responsive information delivery,
recovery and reconstruction after disaster,False,False,True,AGU Index Terms,,0,0,AGU Index Terms,1,recovery and reconstruction after disaster,
"reference fields: regional, global",False,False,True,AGU Index Terms,,0,0,AGU Index Terms,1,"reference fields: regional, global",
reference systems,False,False,True,AGU Index Terms,,0,0,AGU Index Terms,1,reference systems,
reflectors and feeds,False,False,True,AGU Index Terms,,0,0,AGU Index Terms,1,reflectors and feeds,
regional climate change,False,False,True,AGU Index Terms,,0,0,AGU Index Terms,1,regional climate change,
regional crustal structure,False,False,True,AGU Index Terms,,0,0,AGU Index Terms,1,regional crustal structure,
regional modeling,False,False,True,AGU Index Terms,,0,0,AGU Index Terms,1,regional modeling,
remagnetization,False,False,True,AGU Index Terms,,0,0,AGU Index Terms,1,remagnetization,
remote sensing and disasters,False,False,True,AGU Index Terms,,0,0,AGU Index Terms,1,remote sensing and disasters,
remote sensing and electromagnetic processes,False,False,True,AGU Index Terms,,0,0,AGU Index Terms,1,remote sensing and electromagnetic processes,
remote sensing of volcanoes,False,False,True,AGU Index Terms,,0,0,AGU Index Terms,1,remote sensing of volcanoes,
renormalization group methods,False,False,True,AGU Index Terms,,0,0,AGU Index Terms,1,renormalization group methods,
reservoirs,False,False,True,AGU Index Terms,,0,0,AGU Index Terms,1,reservoirs,
"reversals: process, timescale, magnetostratigraphy",False,False,True,AGU Index Terms,,0,0,AGU Index Terms,1,"reversals: process, timescale, magnetostratigraphy",
rheology and friction of fault zones,False,False,True,AGU Index Terms,,0,0,AGU Index Terms,1,rheology and friction of fault zones,
rheology of the lithosphere and mantle,False,False,True,AGU Index Terms,,0,0,AGU Index Terms,1,rheology of the lithosphere and mantle,
rheology: crust and lithosphere,False,False,True,AGU Index Terms,,0,0,AGU Index Terms,1,rheology: crust and lithosphere,
rheology: general,False,False,True,AGU Index Terms,,0,0,AGU Index Terms,1,rheology: general,
rheology: mantle,False,False,True,AGU Index Terms,,0,0,AGU Index Terms,1,rheology: mantle,
rings and dust,False,False,True,AGU Index Terms,,0,0,AGU Index Terms,1,rings and dust,
riparian systems,False,False,True,AGU Index Terms,,0,0,AGU Index Terms,1,riparian systems,
river channels,False,False,True,AGU Index Terms,,0,0,AGU Index Terms,1,river channels,
rivers,False,False,True,AGU Index Terms,,0,0,AGU Index Terms,1,rivers,
rock and mineral magnetism,False,False,True,AGU Index Terms,,0,0,AGU Index Terms,1,rock and mineral magnetism,
rocks: chemical properties,False,False,True,AGU Index Terms,,0,0,AGU Index Terms,1,rocks: chemical properties,
rocks: physical properties,False,False,True,AGU Index Terms,,0,0,AGU Index Terms,1,rocks: physical properties,
role of fluids,False,False,True,AGU Index Terms,,0,0,AGU Index Terms,1,role of fluids,
rules and logic,False,False,True,AGU Index Terms,,0,0,AGU Index Terms,1,rules and logic,
satellite drag,False,False,True,AGU Index Terms,,0,0,AGU Index Terms,1,satellite drag,
satellite geodesy: results,False,False,True,AGU Index Terms,,0,0,AGU Index Terms,1,satellite geodesy: results,
satellite geodesy: technical issues,False,False,True,AGU Index Terms,,0,0,AGU Index Terms,1,satellite geodesy: technical issues,
"satellite magnetics: main field, crustal field, external field",False,False,True,AGU Index Terms,,0,0,AGU Index Terms,1,"satellite magnetics: main field, crustal field, external field",
saturnian satellites,False,False,True,AGU Index Terms,,0,0,AGU Index Terms,1,saturnian satellites,
scaling: spatial and temporal,False,False,True,AGU Index Terms,,0,0,AGU Index Terms,1,scaling: spatial and temporal,
scattering and diffraction,False,False,True,AGU Index Terms,,0,0,AGU Index Terms,1,scattering and diffraction,
science policy,False,False,True,AGU Index Terms,,0,0,AGU Index Terms,1,science policy,
scientific reasoning/inference,False,False,True,AGU Index Terms,,0,0,AGU Index Terms,1,scientific reasoning/inference,
sea level: variations and mean,False,False,True,AGU Index Terms,,0,0,AGU Index Terms,1,sea level: variations and mean,
"seafloor morphology, geology, and geophysics",False,False,True,AGU Index Terms,,0,0,AGU Index Terms,1,"seafloor morphology, geology, and geophysics",
sedimentary basin processes,False,False,True,AGU Index Terms,,0,0,AGU Index Terms,1,sedimentary basin processes,
sedimentary geochemistry,False,False,True,AGU Index Terms,,0,0,AGU Index Terms,1,sedimentary geochemistry,
sedimentary geochronology,False,False,True,AGU Index Terms,,0,0,AGU Index Terms,1,sedimentary geochronology,
sedimentary petrology,False,False,True,AGU Index Terms,,0,0,AGU Index Terms,1,sedimentary petrology,
seismic cycle related deformations,False,False,True,AGU Index Terms,,0,0,AGU Index Terms,1,seismic cycle related deformations,
seismic instruments and networks,False,False,True,AGU Index Terms,,0,0,AGU Index Terms,1,seismic instruments and networks,
seismic methods,False,False,True,AGU Index Terms,,0,0,AGU Index Terms,1,seismic methods,
seismic monitoring and test-ban treaty verification,False,False,True,AGU Index Terms,,0,0,AGU Index Terms,1,seismic monitoring and test-ban treaty verification,
seismicity and tectonics,False,False,True,AGU Index Terms,,0,0,AGU Index Terms,1,seismicity and tectonics,
seismology,False,False,True,AGU Index Terms,,0,0,AGU Index Terms,1,seismology,
self-organization,False,False,True,AGU Index Terms,,0,0,AGU Index Terms,1,self-organization,
self-organized criticality,False,False,True,AGU Index Terms,,0,0,AGU Index Terms,1,self-organized criticality,
semantic web and semantic integration,False,False,True,AGU Index Terms,,0,0,AGU Index Terms,1,semantic web and semantic integration,
sensor web,False,False,True,AGU Index Terms,,0,0,AGU Index Terms,1,sensor web,
shock wave experiments,False,False,True,AGU Index Terms,,0,0,AGU Index Terms,1,shock wave experiments,
shock waves,False,False,True,AGU Index Terms,,0,0,AGU Index Terms,1,shock waves,
sidereal geochronology,False,False,True,AGU Index Terms,,0,0,AGU Index Terms,1,sidereal geochronology,
signal processing,False,False,True,AGU Index Terms,,0,0,AGU Index Terms,1,signal processing,
signal processing and adaptive antennas,False,False,True,AGU Index Terms,,0,0,AGU Index Terms,1,signal processing and adaptive antennas,
silurian,False,False,True,AGU Index Terms,,0,0,AGU Index Terms,1,silurian,
singularity expansion method,False,False,True,AGU Index Terms,,0,0,AGU Index Terms,1,singularity expansion method,
snow and ice,False,False,True,AGU Index Terms,,0,0,AGU Index Terms,1,snow and ice,
snowmelt,False,False,True,AGU Index Terms,,0,0,AGU Index Terms,1,snowmelt,
social networks,False,False,True,AGU Index Terms,,0,0,AGU Index Terms,1,social networks,
sociology of disasters,False,False,True,AGU Index Terms,,0,0,AGU Index Terms,1,sociology of disasters,
software re-use,False,False,True,AGU Index Terms,,0,0,AGU Index Terms,1,software re-use,
software tools and services,False,False,True,AGU Index Terms,,0,0,AGU Index Terms,1,software tools and services,
soils/pedology,False,False,True,AGU Index Terms,,0,0,AGU Index Terms,1,soils/pedology,
solar activity cycle,False,False,True,AGU Index Terms,,0,0,AGU Index Terms,1,solar activity cycle,
solar and stellar variability,False,False,True,AGU Index Terms,,0,0,AGU Index Terms,1,solar and stellar variability,
solar cycle variations,False,False,True,AGU Index Terms,,0,0,AGU Index Terms,1,solar cycle variations,
solar effects,False,False,True,AGU Index Terms,,0,0,AGU Index Terms,1,solar effects,
"solar physics, astrophysics, and astronomy",False,False,True,AGU Index Terms,,0,0,AGU Index Terms,1,"solar physics, astrophysics, and astronomy",
solar radiation and cosmic ray effects,False,False,True,AGU Index Terms,,0,0,AGU Index Terms,1,solar radiation and cosmic ray effects,
solar variability,False,False,True,AGU Index Terms,,0,0,AGU Index Terms,1,solar variability,
solar wind interactions with unmagnetized bodies,False,False,True,AGU Index Terms,,0,0,AGU Index Terms,1,solar wind interactions with unmagnetized bodies,
solar wind plasma,False,False,True,AGU Index Terms,,0,0,AGU Index Terms,1,solar wind plasma,
solar wind sources,False,False,True,AGU Index Terms,,0,0,AGU Index Terms,1,solar wind sources,
solar wind/magnetosphere interactions,False,False,True,AGU Index Terms,,0,0,AGU Index Terms,1,solar wind/magnetosphere interactions,
solar/planetary relationships,False,False,True,AGU Index Terms,,0,0,AGU Index Terms,1,solar/planetary relationships,
solitons and solitary waves,False,False,True,AGU Index Terms,,0,0,AGU Index Terms,1,solitons and solitary waves,
sorptive scavenging,False,False,True,AGU Index Terms,,0,0,AGU Index Terms,1,sorptive scavenging,
space and satellite communication,False,False,True,AGU Index Terms,,0,0,AGU Index Terms,1,space and satellite communication,
space geodetic surveys,False,False,True,AGU Index Terms,,0,0,AGU Index Terms,1,space geodetic surveys,
space plasma physics,False,False,True,AGU Index Terms,,0,0,AGU Index Terms,1,space plasma physics,
space radiation environment,False,False,True,AGU Index Terms,,0,0,AGU Index Terms,1,space radiation environment,
"spacecraft sheaths, wakes, charging",False,False,True,AGU Index Terms,,0,0,AGU Index Terms,1,"spacecraft sheaths, wakes, charging",
spacecraft/atmosphere interactions,False,False,True,AGU Index Terms,,0,0,AGU Index Terms,1,spacecraft/atmosphere interactions,
spatial analysis,False,False,True,AGU Index Terms,,0,0,AGU Index Terms,1,spatial analysis,
spatial analysis and representation,False,False,True,AGU Index Terms,,0,0,AGU Index Terms,1,spatial analysis and representation,
spatial decision support systems,False,False,True,AGU Index Terms,,0,0,AGU Index Terms,1,spatial decision support systems,
spatial modeling,False,False,True,AGU Index Terms,,0,0,AGU Index Terms,1,spatial modeling,
spatial variations attributed to seafloor spreading,False,False,True,AGU Index Terms,,0,0,AGU Index Terms,1,spatial variations attributed to seafloor spreading,
spatial variations: all harmonics and anomalies,False,False,True,AGU Index Terms,,0,0,AGU Index Terms,1,spatial variations: all harmonics and anomalies,
spectral analysis,False,False,True,AGU Index Terms,,0,0,AGU Index Terms,1,spectral analysis,
stable isotope geochemistry,False,False,True,AGU Index Terms,,0,0,AGU Index Terms,1,stable isotope geochemistry,
stadial,False,False,True,AGU Index Terms,,0,0,AGU Index Terms,1,stadial,
standards,False,False,True,AGU Index Terms,,0,0,AGU Index Terms,1,standards,
standards and absolute measurements,False,False,True,AGU Index Terms,,0,0,AGU Index Terms,1,standards and absolute measurements,
statistical methods: descriptive,False,False,True,AGU Index Terms,,0,0,AGU Index Terms,1,statistical methods: descriptive,
statistical methods: inferential,False,False,True,AGU Index Terms,,0,0,AGU Index Terms,1,statistical methods: inferential,
stellar astronomy,False,False,True,AGU Index Terms,,0,0,AGU Index Terms,1,stellar astronomy,
stellar interiors and dynamo theory,False,False,True,AGU Index Terms,,0,0,AGU Index Terms,1,stellar interiors and dynamo theory,
stochastic hydrology,False,False,True,AGU Index Terms,,0,0,AGU Index Terms,1,stochastic hydrology,
stochastic phenomena,False,False,True,AGU Index Terms,,0,0,AGU Index Terms,1,stochastic phenomena,
stochastic processes,False,False,True,AGU Index Terms,,0,0,AGU Index Terms,1,stochastic processes,
stratosphere/troposphere interactions,False,False,True,AGU Index Terms,,0,0,AGU Index Terms,1,stratosphere/troposphere interactions,
stratospheric dynamics,False,False,True,AGU Index Terms,,0,0,AGU Index Terms,1,stratospheric dynamics,
streamflow,False,False,True,AGU Index Terms,,0,0,AGU Index Terms,1,streamflow,
stresses: crust and lithosphere,False,False,True,AGU Index Terms,,0,0,AGU Index Terms,1,stresses: crust and lithosphere,
stresses: deep-seated,False,False,True,AGU Index Terms,,0,0,AGU Index Terms,1,stresses: deep-seated,
stresses: general,False,False,True,AGU Index Terms,,0,0,AGU Index Terms,1,stresses: general,
structural geology,False,False,True,AGU Index Terms,,0,0,AGU Index Terms,1,structural geology,
subaqueous volcanism,False,False,True,AGU Index Terms,,0,0,AGU Index Terms,1,subaqueous volcanism,
subduction zone processes,False,False,True,AGU Index Terms,,0,0,AGU Index Terms,1,subduction zone processes,
subduction zones,False,False,True,AGU Index Terms,,0,0,AGU Index Terms,1,subduction zones,
subgrid-scale,False,False,True,AGU Index Terms,,0,0,AGU Index Terms,1,subgrid-scale,
submarine landslides,False,False,True,AGU Index Terms,,0,0,AGU Index Terms,1,submarine landslides,
submarine tectonics and volcanism,False,False,True,AGU Index Terms,,0,0,AGU Index Terms,1,submarine tectonics and volcanism,
"submergence instruments: rov, auv, submersibles",False,False,True,AGU Index Terms,,0,0,AGU Index Terms,1,"submergence instruments: rov, auv, submersibles",
substorms,False,False,True,AGU Index Terms,,0,0,AGU Index Terms,1,substorms,
sulfur cycling,False,False,True,AGU Index Terms,,0,0,AGU Index Terms,1,sulfur cycling,
surface materials and properties,False,False,True,AGU Index Terms,,0,0,AGU Index Terms,1,surface materials and properties,
surface water quality,False,False,True,AGU Index Terms,,0,0,AGU Index Terms,1,surface water quality,
surface waves and free oscillations,False,False,True,AGU Index Terms,,0,0,AGU Index Terms,1,surface waves and free oscillations,
surface waves and tides,False,False,True,AGU Index Terms,,0,0,AGU Index Terms,1,surface waves and tides,
surfaces,False,False,True,AGU Index Terms,,0,0,AGU Index Terms,1,surfaces,
surfaces and interfaces,False,False,True,AGU Index Terms,,0,0,AGU Index Terms,1,surfaces and interfaces,
synoptic-scale meteorology,False,False,True,AGU Index Terms,,0,0,AGU Index Terms,1,synoptic-scale meteorology,
system design,False,False,True,AGU Index Terms,,0,0,AGU Index Terms,1,system design,
system operation and management,False,False,True,AGU Index Terms,,0,0,AGU Index Terms,1,system operation and management,
teacher training,False,False,True,AGU Index Terms,,0,0,AGU Index Terms,1,teacher training,
teaching methods,False,False,True,AGU Index Terms,,0,0,AGU Index Terms,1,teaching methods,
techniques applicable in three or more fields,False,False,True,AGU Index Terms,,0,0,AGU Index Terms,1,techniques applicable in three or more fields,
tectonic deformation,False,False,True,AGU Index Terms,,0,0,AGU Index Terms,1,tectonic deformation,
tectonics and climatic interactions,False,False,True,AGU Index Terms,,0,0,AGU Index Terms,1,tectonics and climatic interactions,
tectonics and landscape evolution,False,False,True,AGU Index Terms,,0,0,AGU Index Terms,1,tectonics and landscape evolution,
tectonics and magmatism,False,False,True,AGU Index Terms,,0,0,AGU Index Terms,1,tectonics and magmatism,
tectonophysics,False,False,True,AGU Index Terms,,0,0,AGU Index Terms,1,tectonophysics,
temporal analysis and representation,False,False,True,AGU Index Terms,,0,0,AGU Index Terms,1,temporal analysis and representation,
tephrochronology,False,False,True,AGU Index Terms,,0,0,AGU Index Terms,1,tephrochronology,
theoretical modeling,False,False,True,AGU Index Terms,,0,0,AGU Index Terms,1,theoretical modeling,
theory,False,False,True,AGU Index Terms,,0,0,AGU Index Terms,1,theory,
thermal expansivity,False,False,True,AGU Index Terms,,0,0,AGU Index Terms,1,thermal expansivity,
thermal regime,False,False,True,AGU Index Terms,,0,0,AGU Index Terms,1,thermal regime,
thermobarometry,False,False,True,AGU Index Terms,,0,0,AGU Index Terms,1,thermobarometry,
thermochronology,False,False,True,AGU Index Terms,,0,0,AGU Index Terms,1,thermochronology,
thermohaline,False,False,True,AGU Index Terms,,0,0,AGU Index Terms,1,thermohaline,
thermokarst,False,False,True,AGU Index Terms,,0,0,AGU Index Terms,1,thermokarst,
thermosphere: composition and chemistry,False,False,True,AGU Index Terms,,0,0,AGU Index Terms,1,thermosphere: composition and chemistry,
thermosphere: energy deposition,False,False,True,AGU Index Terms,,0,0,AGU Index Terms,1,thermosphere: energy deposition,
thermospheric dynamics,False,False,True,AGU Index Terms,,0,0,AGU Index Terms,1,thermospheric dynamics,
tidal forces,False,False,True,AGU Index Terms,,0,0,AGU Index Terms,1,tidal forces,
tides and planetary waves,False,False,True,AGU Index Terms,,0,0,AGU Index Terms,1,tides and planetary waves,
time series analysis,False,False,True,AGU Index Terms,,0,0,AGU Index Terms,1,time series analysis,
time series experiments,False,False,True,AGU Index Terms,,0,0,AGU Index Terms,1,time series experiments,
time variable gravity,False,False,True,AGU Index Terms,,0,0,AGU Index Terms,1,time variable gravity,
time variations: diurnal to decadal,False,False,True,AGU Index Terms,,0,0,AGU Index Terms,1,time variations: diurnal to decadal,
time variations: secular and longer,False,False,True,AGU Index Terms,,0,0,AGU Index Terms,1,time variations: secular and longer,
tomography,False,False,True,AGU Index Terms,,0,0,AGU Index Terms,1,tomography,
tomography and imaging,False,False,True,AGU Index Terms,,0,0,AGU Index Terms,1,tomography and imaging,
topographic/bathymetric interactions,False,False,True,AGU Index Terms,,0,0,AGU Index Terms,1,topographic/bathymetric interactions,
topside ionosphere,False,False,True,AGU Index Terms,,0,0,AGU Index Terms,1,topside ionosphere,
tori and exospheres,False,False,True,AGU Index Terms,,0,0,AGU Index Terms,1,tori and exospheres,
trace element cycling,False,False,True,AGU Index Terms,,0,0,AGU Index Terms,1,trace element cycling,
trace gases,False,False,True,AGU Index Terms,,0,0,AGU Index Terms,1,trace gases,
trans-neptunian objects,False,False,True,AGU Index Terms,,0,0,AGU Index Terms,1,trans-neptunian objects,
transform faults,False,False,True,AGU Index Terms,,0,0,AGU Index Terms,1,transform faults,
transient and time domain,False,False,True,AGU Index Terms,,0,0,AGU Index Terms,1,transient and time domain,
transient deformation,False,False,True,AGU Index Terms,,0,0,AGU Index Terms,1,transient deformation,
transport processes,False,False,True,AGU Index Terms,,0,0,AGU Index Terms,1,transport processes,
transport properties,False,False,True,AGU Index Terms,,0,0,AGU Index Terms,1,transport properties,
triassic,False,False,True,AGU Index Terms,,0,0,AGU Index Terms,1,triassic,
tropical convection,False,False,True,AGU Index Terms,,0,0,AGU Index Terms,1,tropical convection,
tropical dynamics,False,False,True,AGU Index Terms,,0,0,AGU Index Terms,1,tropical dynamics,
tropical meteorology,False,False,True,AGU Index Terms,,0,0,AGU Index Terms,1,tropical meteorology,
tropopause dynamics,False,False,True,AGU Index Terms,,0,0,AGU Index Terms,1,tropopause dynamics,
troposphere: composition and chemistry,False,False,True,AGU Index Terms,,0,0,AGU Index Terms,1,troposphere: composition and chemistry,
troposphere: constituent transport and chemistry,False,False,True,AGU Index Terms,,0,0,AGU Index Terms,1,troposphere: constituent transport and chemistry,
tsunamis and storm surges,False,False,True,AGU Index Terms,,0,0,AGU Index Terms,1,tsunamis and storm surges,
"turbulence, diffusion, and mixing processes",False,False,True,AGU Index Terms,,0,0,AGU Index Terms,1,"turbulence, diffusion, and mixing processes",
ultra-high pressure metamorphism,False,False,True,AGU Index Terms,,0,0,AGU Index Terms,1,ultra-high pressure metamorphism,
ultra-high temperature metamorphism,False,False,True,AGU Index Terms,,0,0,AGU Index Terms,1,ultra-high temperature metamorphism,
ultraviolet emissions,False,False,True,AGU Index Terms,,0,0,AGU Index Terms,1,ultraviolet emissions,
uncertainty assessment,False,False,True,AGU Index Terms,,0,0,AGU Index Terms,1,uncertainty assessment,
uncertainty quantification,False,False,True,AGU Index Terms,,0,0,AGU Index Terms,1,uncertainty quantification,
ungaged basins,False,False,True,AGU Index Terms,,0,0,AGU Index Terms,1,ungaged basins,
upper ocean and mixed layer processes,False,False,True,AGU Index Terms,,0,0,AGU Index Terms,1,upper ocean and mixed layer processes,
upwelling,False,False,True,AGU Index Terms,,0,0,AGU Index Terms,1,upwelling,
upwelling and convergences,False,False,True,AGU Index Terms,,0,0,AGU Index Terms,1,upwelling and convergences,
uranian satellites,False,False,True,AGU Index Terms,,0,0,AGU Index Terms,1,uranian satellites,
urban systems,False,False,True,AGU Index Terms,,0,0,AGU Index Terms,1,urban systems,
vadose zone,False,False,True,AGU Index Terms,,0,0,AGU Index Terms,1,vadose zone,
vector born diseases,False,False,True,AGU Index Terms,,0,0,AGU Index Terms,1,vector born diseases,
virtual globes,False,False,True,AGU Index Terms,,0,0,AGU Index Terms,1,virtual globes,
visualization and portrayal,False,False,True,AGU Index Terms,,0,0,AGU Index Terms,1,visualization and portrayal,
volcanic arcs,False,False,True,AGU Index Terms,,0,0,AGU Index Terms,1,volcanic arcs,
volcanic effects,False,False,True,AGU Index Terms,,0,0,AGU Index Terms,1,volcanic effects,
volcanic hazards and risks,False,False,True,AGU Index Terms,,0,0,AGU Index Terms,1,volcanic hazards and risks,
volcano monitoring,False,False,True,AGU Index Terms,,0,0,AGU Index Terms,1,volcano monitoring,
volcano seismology,False,False,True,AGU Index Terms,,0,0,AGU Index Terms,1,volcano seismology,
volcano/climate interactions,False,False,True,AGU Index Terms,,0,0,AGU Index Terms,1,volcano/climate interactions,
volcanoclastic deposits,False,False,True,AGU Index Terms,,0,0,AGU Index Terms,1,volcanoclastic deposits,
"volcanology, geochemistry, and petrology",False,False,True,AGU Index Terms,,0,0,AGU Index Terms,1,"volcanology, geochemistry, and petrology",
vulnerability,False,False,True,AGU Index Terms,,0,0,AGU Index Terms,1,vulnerability,
water budgets,False,False,True,AGU Index Terms,,0,0,AGU Index Terms,1,water budgets,
water cycles,False,False,True,AGU Index Terms,,0,0,AGU Index Terms,1,water cycles,
water/energy interactions,False,False,True,AGU Index Terms,,0,0,AGU Index Terms,1,water/energy interactions,
wave attenuation,False,False,True,AGU Index Terms,,0,0,AGU Index Terms,1,wave attenuation,
wave/particle interactions,False,False,True,AGU Index Terms,,0,0,AGU Index Terms,1,wave/particle interactions,
wave/wave interactions,False,False,True,AGU Index Terms,,0,0,AGU Index Terms,1,wave/wave interactions,
wavelet transform,False,False,True,AGU Index Terms,,0,0,AGU Index Terms,1,wavelet transform,
waves in plasma,False,False,True,AGU Index Terms,,0,0,AGU Index Terms,1,waves in plasma,
western boundary currents,False,False,True,AGU Index Terms,,0,0,AGU Index Terms,1,western boundary currents,
wildland fire model,False,False,True,AGU Index Terms,,0,0,AGU Index Terms,1,wildland fire model,
workflow,False,False,True,AGU Index Terms,,0,0,AGU Index Terms,1,workflow,
workforce,False,False,True,AGU Index Terms,,0,0,AGU Index Terms,1,workforce,
"x-ray, neutron, and electron spectroscopy and diffraction",False,False,True,AGU Index Terms,,0,0,AGU Index Terms,1,"x-ray, neutron, and electron spectroscopy and diffraction",
"x-rays, gamma rays, and neutrinos",False,False,True,AGU Index Terms,,0,0,AGU Index Terms,1,"x-rays, gamma rays, and neutrinos",
