uri,label
http://astrothesaurus.org/uat/671,Gravitational lensing shear
http://astrothesaurus.org/uat/532,Solar fibrils
http://astrothesaurus.org/uat/1321,Quiescent solar prominence
http://astrothesaurus.org/uat/2022,Exoplanet surface composition
http://astrothesaurus.org/uat/233,Circular orbits
http://astrothesaurus.org/uat/1783,W Ursae Majoris variable stars
http://astrothesaurus.org/uat/2061,Dielectronic recombination
http://astrothesaurus.org/uat/1559,Spiral arms
http://astrothesaurus.org/uat/325,Cosmic ray detectors
http://astrothesaurus.org/uat/2207,Asteroid satellites
http://astrothesaurus.org/uat/1467,Slow novae
http://astrothesaurus.org/uat/682,Great Attractor
http://astrothesaurus.org/uat/764,Humidity
http://astrothesaurus.org/uat/773,Hyperbolic orbit
http://astrothesaurus.org/uat/1827,Y dwarves
http://astrothesaurus.org/uat/1605,Stellar inner cores
http://astrothesaurus.org/uat/340,Cosmological parameters from large-scale structure
http://astrothesaurus.org/uat/149,Beta Lyrae stars
http://astrothesaurus.org/uat/259,CMBR detectors
http://astrothesaurus.org/uat/511,Extrasolar rocky planets
http://astrothesaurus.org/uat/1379,Redshifted
http://astrothesaurus.org/uat/1125,North galactic pole
http://astrothesaurus.org/uat/1119,Non-thermal radiation sources
http://astrothesaurus.org/uat/171,Bok globules
http://astrothesaurus.org/uat/2149,Annual microlensing parallax
http://astrothesaurus.org/uat/1061,Millimetre astronomy
http://astrothesaurus.org/uat/948,Lunar composition
http://astrothesaurus.org/uat/1738,Ultraviolet extinction
http://astrothesaurus.org/uat/779,Impact phenomena
http://astrothesaurus.org/uat/657,Gödel universe
http://astrothesaurus.org/uat/2005,Rich galaxy clusters
http://astrothesaurus.org/uat/1794,WCN stars
http://astrothesaurus.org/uat/653,Giant molecular clouds
http://astrothesaurus.org/uat/1728,Type Ia supernovae
http://astrothesaurus.org/uat/1439,Secular parallax
http://astrothesaurus.org/uat/1026,Meridian
http://astrothesaurus.org/uat/1035,Meteor streams
http://astrothesaurus.org/uat/1097,Neptune trojans
http://astrothesaurus.org/uat/1054,Milky Way Galaxy
http://astrothesaurus.org/uat/1327,R Coronae Borealis variable stars
http://astrothesaurus.org/uat/969,Lunar probes
http://astrothesaurus.org/uat/2007,High-redshift galaxy clusters
http://astrothesaurus.org/uat/1334,Radiative braking
http://astrothesaurus.org/uat/22,Aeronomy
http://astrothesaurus.org/uat/638,Gas-to-dust ratio
http://astrothesaurus.org/uat/581,Galaxy circumnuclear disk
http://astrothesaurus.org/uat/2008,Radio transient sources
http://astrothesaurus.org/uat/1896,Normal distribution
http://astrothesaurus.org/uat/936,Longitude of the ascending node
http://astrothesaurus.org/uat/301,Stellar convective zones
http://astrothesaurus.org/uat/1947,Minimum chi-squared
http://astrothesaurus.org/uat/79,Astrometric binary stars
http://astrothesaurus.org/uat/757,Hubble classification scheme
http://astrothesaurus.org/uat/896,L subdwarfs
http://astrothesaurus.org/uat/484,Exoplanet systems
http://astrothesaurus.org/uat/988,M supergiant stars
http://astrothesaurus.org/uat/1713,Trigonometric parallax
http://astrothesaurus.org/uat/1925,Hierarchical models
http://astrothesaurus.org/uat/177,Bouwers telescope
http://astrothesaurus.org/uat/1931,F test
http://astrothesaurus.org/uat/877,K giant stars
http://astrothesaurus.org/uat/1228,Photographic magnitude
http://astrothesaurus.org/uat/1047,Micrometeorites
http://astrothesaurus.org/uat/1074,Solar mottles
http://astrothesaurus.org/uat/1275,Polar orbit
http://astrothesaurus.org/uat/946,Luminous infrared galaxies
http://astrothesaurus.org/uat/759,Hubble diagram
http://astrothesaurus.org/uat/384,Diffuse x-ray background
http://astrothesaurus.org/uat/1949,Robust regression
http://astrothesaurus.org/uat/2107,Theoretical models
http://astrothesaurus.org/uat/234,Circumstellar clouds
http://astrothesaurus.org/uat/345,Curved space
http://astrothesaurus.org/uat/1373,Red sequence galaxies
http://astrothesaurus.org/uat/685,Gregorian telescopes
http://astrothesaurus.org/uat/1224,Photoelectric magnitude
http://astrothesaurus.org/uat/1864,Publicly available software
http://astrothesaurus.org/uat/27,Rapidly oscillating Ap star
http://astrothesaurus.org/uat/1994,Solar coronal seismology
http://astrothesaurus.org/uat/601,Galaxy jets
http://astrothesaurus.org/uat/1153,Oe stars
http://astrothesaurus.org/uat/2057,Radiative recombination
http://astrothesaurus.org/uat/256,Closed universe
http://astrothesaurus.org/uat/260,CN stars
http://astrothesaurus.org/uat/853,Interstellar reddening
http://astrothesaurus.org/uat/1045,Michelson interferometry
http://astrothesaurus.org/uat/1897,Pareto distribution
http://astrothesaurus.org/uat/1720,True position
http://astrothesaurus.org/uat/1096,Neptune
http://astrothesaurus.org/uat/1509,Solar neighborhood
http://astrothesaurus.org/uat/1793,WC stars
http://astrothesaurus.org/uat/1183,Orbiters
http://astrothesaurus.org/uat/1132,O subgiant stars
http://astrothesaurus.org/uat/1962,Credible region
http://astrothesaurus.org/uat/2034,High-luminosity active galactic nuclei
http://astrothesaurus.org/uat/1287,Post-asymptotic giant branch
http://astrothesaurus.org/uat/37,Amorphous irregular galaxies
http://astrothesaurus.org/uat/1597,Stellar effective temperatures
http://astrothesaurus.org/uat/2073,Spectral line identification
http://astrothesaurus.org/uat/1837,Zeeman-Doppler imaging
http://astrothesaurus.org/uat/1863,Public domain software
http://astrothesaurus.org/uat/626,Galaxy winds
http://astrothesaurus.org/uat/341,Cosmological perturbation theory
http://astrothesaurus.org/uat/370,Delta Scuti variable stars
http://astrothesaurus.org/uat/1066,Mira variable stars
http://astrothesaurus.org/uat/917,Libration
http://astrothesaurus.org/uat/628,Gamma-ray astronomy
http://astrothesaurus.org/uat/360,DDO photometry
http://astrothesaurus.org/uat/1105,Neutrino telescopes
http://astrothesaurus.org/uat/2157,Stellar mergers
http://astrothesaurus.org/uat/710,Heliosheath
http://astrothesaurus.org/uat/1494,Solar faculae
http://astrothesaurus.org/uat/520,F subdwarf stars
http://astrothesaurus.org/uat/780,Inclination
http://astrothesaurus.org/uat/785,Infrared Astronomical Satellite
http://astrothesaurus.org/uat/374,Descending node
http://astrothesaurus.org/uat/111,Atira group
http://astrothesaurus.org/uat/61,Apparent superluminal motion
http://astrothesaurus.org/uat/1946,Measurement error model
http://astrothesaurus.org/uat/1452,Short period comets
http://astrothesaurus.org/uat/1985,Ellerman Bombs
http://astrothesaurus.org/uat/127,B giant stars
http://astrothesaurus.org/uat/775,Hypernovae
http://astrothesaurus.org/uat/816,Intermediate-mass black holes
http://astrothesaurus.org/uat/1357,Radio source counts
http://astrothesaurus.org/uat/1764,Vernal equinox
http://astrothesaurus.org/uat/794,Infrared telescopes
http://astrothesaurus.org/uat/803,Intercloud medium
http://astrothesaurus.org/uat/2200,Meyer group
http://astrothesaurus.org/uat/2045,Schonberg-Chandrasekhar limit
http://astrothesaurus.org/uat/465,Equation of the center
http://astrothesaurus.org/uat/956,Lunar gravitational field
http://astrothesaurus.org/uat/2069,Isotope shifts
http://astrothesaurus.org/uat/577,Galaxy anticentres
http://astrothesaurus.org/uat/130,B supergiant stars
http://astrothesaurus.org/uat/238,Circumstellar gas
http://astrothesaurus.org/uat/472,Ergosphere
http://astrothesaurus.org/uat/147,Bessel photometry
http://astrothesaurus.org/uat/798,Instability strip
http://astrothesaurus.org/uat/2137,Triple lens microlensing
http://astrothesaurus.org/uat/230,Stellar chromospheres
http://astrothesaurus.org/uat/500,Exozodiacal dust
http://astrothesaurus.org/uat/686,Ground-based astronomy
http://astrothesaurus.org/uat/194,Carbon-nitrogen cycle
http://astrothesaurus.org/uat/192,Cape photometry
http://astrothesaurus.org/uat/1879,Circumgalactic medium
http://astrothesaurus.org/uat/1270,X-ray point sources
http://astrothesaurus.org/uat/675,Gravitational wave astronomy
http://astrothesaurus.org/uat/1371,Red giant tip
http://astrothesaurus.org/uat/680,Gravity darkening
http://astrothesaurus.org/uat/697,Hadron barrier
http://astrothesaurus.org/uat/354,Dark matter density
http://astrothesaurus.org/uat/1484,Solar coronal holes
http://astrothesaurus.org/uat/1303,Ptolemy stones
http://astrothesaurus.org/uat/512,Extreme carbon stars
http://astrothesaurus.org/uat/313,Coronagraphic imaging
http://astrothesaurus.org/uat/327,Cosmic ray showers
http://astrothesaurus.org/uat/126,B dwarf stars
http://astrothesaurus.org/uat/643,Geocentric orbit
http://astrothesaurus.org/uat/54,Apex
http://astrothesaurus.org/uat/2080,Reaction catalysts
http://astrothesaurus.org/uat/1011,Mass-to-light ratio
http://astrothesaurus.org/uat/1906,Bootstrap
http://astrothesaurus.org/uat/887,Kerr metric
http://astrothesaurus.org/uat/491,Exoplanet evolution
http://astrothesaurus.org/uat/62,Apsidal motion
http://astrothesaurus.org/uat/660,Gravastars
http://astrothesaurus.org/uat/1488,Solar radius
http://astrothesaurus.org/uat/367,Degenerate matter
http://astrothesaurus.org/uat/1632,Stellar surfaces
http://astrothesaurus.org/uat/634,Gamma-ray telescopes
http://astrothesaurus.org/uat/1033,Meteor radiants
http://astrothesaurus.org/uat/503,Explosive nucleosynthesis
http://astrothesaurus.org/uat/2206,Planetary migration
http://astrothesaurus.org/uat/1273,Polar caps
http://astrothesaurus.org/uat/1086,Nadir
http://astrothesaurus.org/uat/2115,Surface composition
http://astrothesaurus.org/uat/369,Delta Delphini variable stars
http://astrothesaurus.org/uat/348,DA stars
http://astrothesaurus.org/uat/787,Infrared dark clouds
http://astrothesaurus.org/uat/891,Kron-Cousins photometry
http://astrothesaurus.org/uat/120,Australites
http://astrothesaurus.org/uat/1919,Bayes factor
http://astrothesaurus.org/uat/10,Absolute magnitude
http://astrothesaurus.org/uat/1775,Visibility function
http://astrothesaurus.org/uat/1012,Mass ratio
http://astrothesaurus.org/uat/1943,Dimensionality reduction
http://astrothesaurus.org/uat/1493,Solar extreme ultraviolet emission
http://astrothesaurus.org/uat/1954,Light curve classification 
http://astrothesaurus.org/uat/15,Achondrites
http://astrothesaurus.org/uat/2006,Poor galaxy clusters
http://astrothesaurus.org/uat/1195,P-process
http://astrothesaurus.org/uat/993,Magnetic anomalies
http://astrothesaurus.org/uat/287,Compact nebulae
http://astrothesaurus.org/uat/1698,Tidal friction
http://astrothesaurus.org/uat/1006,Markarian galaxies
http://astrothesaurus.org/uat/508,Extragalactic radio sources
http://astrothesaurus.org/uat/571,Galactic radio sources
http://astrothesaurus.org/uat/690,H I line emission
http://astrothesaurus.org/uat/510,Extrasolar radiation
http://astrothesaurus.org/uat/1638,Stone circles
http://astrothesaurus.org/uat/731,High-energy cosmic radiation
http://astrothesaurus.org/uat/95,Astronomical unit
http://astrothesaurus.org/uat/700,Hardness ratio
http://astrothesaurus.org/uat/1241,Planet formation
http://astrothesaurus.org/uat/1236,Photon sphere
http://astrothesaurus.org/uat/115,Atmospheric refraction
http://astrothesaurus.org/uat/982,M dwarf stars
http://astrothesaurus.org/uat/544,Flux calibration
http://astrothesaurus.org/uat/1532,Solar transition region
http://astrothesaurus.org/uat/332,Cosmochronology
http://astrothesaurus.org/uat/788,Infrared excess
http://astrothesaurus.org/uat/1636,Stellar winds
http://astrothesaurus.org/uat/1245,Planetary boundary layers
http://astrothesaurus.org/uat/47,Antarctic observatories
http://astrothesaurus.org/uat/2066,De-excitation rates
http://astrothesaurus.org/uat/1018,Me variable stars
http://astrothesaurus.org/uat/464,Ephemerides
http://astrothesaurus.org/uat/1114,Nitrous oxide
http://astrothesaurus.org/uat/1754,UU Herculis stars
http://astrothesaurus.org/uat/1611,Stellar mass black holes
http://astrothesaurus.org/uat/210,Celestial equator
http://astrothesaurus.org/uat/2112,Blue large-amplitude pulsators
http://astrothesaurus.org/uat/1351,Radio occultation
http://astrothesaurus.org/uat/1538,South celestial pole
http://astrothesaurus.org/uat/2100,Asymptotic giant branch stars
http://astrothesaurus.org/uat/2214,Natural satellite atmospheres
http://astrothesaurus.org/uat/741,Hilda group
http://astrothesaurus.org/uat/2108,Visible sources
http://astrothesaurus.org/uat/440,Eccentric anomaly
http://astrothesaurus.org/uat/927,Lithium stars
http://astrothesaurus.org/uat/1786,Warm-hot intergalactic medium
http://astrothesaurus.org/uat/173,Bolometric correction
http://astrothesaurus.org/uat/771,Hydroxyl masers
http://astrothesaurus.org/uat/155,Bipolar nebulae
http://astrothesaurus.org/uat/894,L dwarves
http://astrothesaurus.org/uat/733,High mass x-ray binary stars
http://astrothesaurus.org/uat/1130,Nucleated dwarf galaxies
http://astrothesaurus.org/uat/1733,Ultra-high-energy cosmic radiation
http://astrothesaurus.org/uat/1620,Stellar photometry
http://astrothesaurus.org/uat/1832,Young disk Cepheid variable stars
http://astrothesaurus.org/uat/1784,W Virginis variable stars
http://astrothesaurus.org/uat/745,Holographic interferometry
http://astrothesaurus.org/uat/1905,Survival analysis
http://astrothesaurus.org/uat/2191,Remote sensing
http://astrothesaurus.org/uat/986,M subdwarf stars
http://astrothesaurus.org/uat/410,Drift scan imaging
http://astrothesaurus.org/uat/356,Dark matter distribution
http://astrothesaurus.org/uat/2010,SRa variable stars
http://astrothesaurus.org/uat/889,Kirkwood gaps
http://astrothesaurus.org/uat/658,Gould Belt
http://astrothesaurus.org/uat/1920,Bayesian information criterion
http://astrothesaurus.org/uat/294,Conical singularities
http://astrothesaurus.org/uat/1139,O supergiant stars
http://astrothesaurus.org/uat/1320,Quasinormal modes
http://astrothesaurus.org/uat/1219,Phase effect
http://astrothesaurus.org/uat/708,Helioseismic pulsations
http://astrothesaurus.org/uat/1539,South ecliptic pole
http://astrothesaurus.org/uat/446,Ecliptic latitude
http://astrothesaurus.org/uat/422,Dynamical friction
http://astrothesaurus.org/uat/1375,Red supergiant stars
http://astrothesaurus.org/uat/1073,Molecular gas
http://astrothesaurus.org/uat/1749,Upsilon Sagittarii stars
http://astrothesaurus.org/uat/938,Low-density fields
http://astrothesaurus.org/uat/1901,Maximum likelihood estimation
http://astrothesaurus.org/uat/728,HI shells
http://astrothesaurus.org/uat/620,Galaxy spurs
http://astrothesaurus.org/uat/1963,Hydrodynamics
http://astrothesaurus.org/uat/1435,Schwarzschild radius
http://astrothesaurus.org/uat/897,Lagrangian points
http://astrothesaurus.org/uat/166,Blue cloud galaxies
http://astrothesaurus.org/uat/687,Ground telescopes
http://astrothesaurus.org/uat/1982,Solar flare spectra
http://astrothesaurus.org/uat/1403,Ritchey-Chrétien telescopes
http://astrothesaurus.org/uat/312,Solar coronal transients
http://astrothesaurus.org/uat/659,Stellar granules
http://astrothesaurus.org/uat/2213,Comet dynamics
http://astrothesaurus.org/uat/1276,Polar tides
http://astrothesaurus.org/uat/1405,Roche lobe
http://astrothesaurus.org/uat/1895,Gamma distribution
http://astrothesaurus.org/uat/1037,Meteorite composition
http://astrothesaurus.org/uat/2184,Planetary climates
http://astrothesaurus.org/uat/1865,Software available on request
http://astrothesaurus.org/uat/1332,Radial velocity
http://astrothesaurus.org/uat/1687,Telescope focal plane photography
http://astrothesaurus.org/uat/215,Centaur group
http://astrothesaurus.org/uat/1649,Summer solstice
http://astrothesaurus.org/uat/1735,Ultraluminous infrared galaxies
http://astrothesaurus.org/uat/475,Eruptive phenomena
http://astrothesaurus.org/uat/1714,Trinary stars
http://astrothesaurus.org/uat/1162,Opik theory
http://astrothesaurus.org/uat/2215,Pulsar wind nebulae
http://astrothesaurus.org/uat/651,Giant elliptical galaxies
http://astrothesaurus.org/uat/1807,Wolf diagram
http://astrothesaurus.org/uat/1562,Spokes
http://astrothesaurus.org/uat/980,Lyman alpha forest
http://astrothesaurus.org/uat/1659,Supergalactic latitude
http://astrothesaurus.org/uat/1781,von Zeipel theorem
http://astrothesaurus.org/uat/134,Baker-Nunn cameras
http://astrothesaurus.org/uat/1310,Purkinje effect
http://astrothesaurus.org/uat/178,Bp stars
http://astrothesaurus.org/uat/750,Hot dark matter
http://astrothesaurus.org/uat/273,Comet tail streamers
http://astrothesaurus.org/uat/1743,Ultraviolet telescopes
http://astrothesaurus.org/uat/833,Interstellar atomic gas
http://astrothesaurus.org/uat/1939,Single-linkage hierarchical clustering
http://astrothesaurus.org/uat/2169,Vega photometry
http://astrothesaurus.org/uat/493,Exoplanet plate tectonics
http://astrothesaurus.org/uat/1322,Quiet sun
http://astrothesaurus.org/uat/1159,Oort constants
http://astrothesaurus.org/uat/1084,N galaxies
http://astrothesaurus.org/uat/488,Exoplanet catalogues
http://astrothesaurus.org/uat/1910,Deconvolution
http://astrothesaurus.org/uat/389,Discrete radio sources
http://astrothesaurus.org/uat/452,Einstein universe
http://astrothesaurus.org/uat/885,Kerr-Newman black holes
http://astrothesaurus.org/uat/726,Heterodyne interferometry
http://astrothesaurus.org/uat/1416,RS Canum Venaticorum variable stars
http://astrothesaurus.org/uat/792,Infrared photometry
http://astrothesaurus.org/uat/1214,Perseus Cluster
http://astrothesaurus.org/uat/695,Habitable planets
http://astrothesaurus.org/uat/81,Astronomers
http://astrothesaurus.org/uat/2076,Molecule formation
http://astrothesaurus.org/uat/1941,Solar analogs
http://astrothesaurus.org/uat/576,Galaxy ages
http://astrothesaurus.org/uat/29,Alternatives to cosmic inflation
http://astrothesaurus.org/uat/866,Isothermal sphere profile
http://astrothesaurus.org/uat/261,CNO anomaly
http://astrothesaurus.org/uat/1051,Milky Way dynamics
http://astrothesaurus.org/uat/1203,Penrose limit
http://astrothesaurus.org/uat/1975,Solar active region magnetic fields
http://astrothesaurus.org/uat/922,Limb darkening
http://astrothesaurus.org/uat/1513,Solar observatories
http://astrothesaurus.org/uat/1369,Red giant bump
http://astrothesaurus.org/uat/2,53 Persei stars
http://astrothesaurus.org/uat/1172,Optical position
http://astrothesaurus.org/uat/1662,Supergranulation
http://astrothesaurus.org/uat/1259,Planetesimals
http://astrothesaurus.org/uat/1849,DQ stars
http://astrothesaurus.org/uat/1198,Parallel field
http://astrothesaurus.org/uat/338,Cosmological neutrinos
http://astrothesaurus.org/uat/119,Atomic interferometry
http://astrothesaurus.org/uat/1071,Radical-radical recombination
http://astrothesaurus.org/uat/1710,Transit timing variation method
http://astrothesaurus.org/uat/762,Hubble time
http://astrothesaurus.org/uat/1835,Z Andromedae stars
http://astrothesaurus.org/uat/1299,Proton-proton reaction
http://astrothesaurus.org/uat/1928,Kolmogorov-Smirnov test
http://astrothesaurus.org/uat/583,Galaxy cluster counts
http://astrothesaurus.org/uat/981,Lyman limit systems
http://astrothesaurus.org/uat/24,Algol variable stars
http://astrothesaurus.org/uat/1650,Sunspot cycle
http://astrothesaurus.org/uat/198,Carbon planets
http://astrothesaurus.org/uat/691,H alpha photometry
http://astrothesaurus.org/uat/1430,Scattered disk objects
http://astrothesaurus.org/uat/167,Blue loop
http://astrothesaurus.org/uat/567,Galactic cosmic rays
http://astrothesaurus.org/uat/1660,Supergalactic longitude
http://astrothesaurus.org/uat/65,Argument of perigee
http://astrothesaurus.org/uat/1510,Solar neutrino problem
http://astrothesaurus.org/uat/1747,Underabundances
http://astrothesaurus.org/uat/1987,Solar chromospheric heating
http://astrothesaurus.org/uat/388,Dirty snowball model
http://astrothesaurus.org/uat/2021,Exoplanet atmospheric composition 
http://astrothesaurus.org/uat/1899,Sampling distribution
http://astrothesaurus.org/uat/30,Altitude angle
http://astrothesaurus.org/uat/1682,Tailed radio galaxies
http://astrothesaurus.org/uat/1787,Warm dark matter
http://astrothesaurus.org/uat/1770,Very small grains
http://astrothesaurus.org/uat/1361,Radioheliographs
http://astrothesaurus.org/uat/1204,Penrose process
http://astrothesaurus.org/uat/1586,Stellar bow shocks
http://astrothesaurus.org/uat/1059,Milky Way rotation
http://astrothesaurus.org/uat/12,Accelerating universe
http://astrothesaurus.org/uat/1871,Software tutorials
http://astrothesaurus.org/uat/1445,Semimajor axis
http://astrothesaurus.org/uat/316,Cosmic anisotropy
http://astrothesaurus.org/uat/45,Ansae
http://astrothesaurus.org/uat/1956,Red noise
http://astrothesaurus.org/uat/252,Classical T Tauri stars
http://astrothesaurus.org/uat/2159,Coma dust
http://astrothesaurus.org/uat/201,Carbonaceous grains
http://astrothesaurus.org/uat/1451,Shepherd satellites
http://astrothesaurus.org/uat/966,Lunar origin
http://astrothesaurus.org/uat/1374,Red straggler stars
http://astrothesaurus.org/uat/1324,R-process
http://astrothesaurus.org/uat/572,Galactic winds
http://astrothesaurus.org/uat/1680,T subdwarfs
http://astrothesaurus.org/uat/1004,Manganese stars
http://astrothesaurus.org/uat/251,Classical novae
http://astrothesaurus.org/uat/1926,Posterior distribution
http://astrothesaurus.org/uat/1724,Two-colour diagrams
http://astrothesaurus.org/uat/1335,Radiative transfer
http://astrothesaurus.org/uat/1581,Stellar ages
http://astrothesaurus.org/uat/1304,Pulsar planets
http://astrothesaurus.org/uat/881,K supergiant stars
http://astrothesaurus.org/uat/1209,Perigee
http://astrothesaurus.org/uat/2096,High resolution spectroscopy
http://astrothesaurus.org/uat/718,Helmholtz-Kelvin contraction
http://astrothesaurus.org/uat/398,Dobsonian telescopes
http://astrothesaurus.org/uat/257,Cloud monitors
http://astrothesaurus.org/uat/183,Broad-absorption line quasar
http://astrothesaurus.org/uat/1102,Neutrino masses
http://astrothesaurus.org/uat/1247,Planetary cores
http://astrothesaurus.org/uat/1194,Ozone layer
http://astrothesaurus.org/uat/1336,Radiative transfer equation
http://astrothesaurus.org/uat/1814,X-ray bursts
http://astrothesaurus.org/uat/1363,Rapid stellar oscillations
http://astrothesaurus.org/uat/1036,Meteor trails
http://astrothesaurus.org/uat/1692,The Moon
http://astrothesaurus.org/uat/654,Giant radio galaxies
http://astrothesaurus.org/uat/1875,Solar granules
http://astrothesaurus.org/uat/1968,Astronomy data visualisation
http://astrothesaurus.org/uat/56,Apocentre
http://astrothesaurus.org/uat/1704,Total eclipses
http://astrothesaurus.org/uat/1080,Multiple mirror telescopes
http://astrothesaurus.org/uat/181,Brightest cluster galaxies
http://astrothesaurus.org/uat/1911,Detection
http://astrothesaurus.org/uat/962,Lunar mineralogy
http://astrothesaurus.org/uat/31,AM Canum Venaticorum stars
http://astrothesaurus.org/uat/1117,Non-radial pulsations
http://astrothesaurus.org/uat/414,Dust shells
http://astrothesaurus.org/uat/1817,X-ray identification
http://astrothesaurus.org/uat/1980,Active solar chromosphere
http://astrothesaurus.org/uat/380,Diffuse interstellar clouds
http://astrothesaurus.org/uat/616,Galaxy radial velocities
http://astrothesaurus.org/uat/320,Cosmic isotropy
http://astrothesaurus.org/uat/1804,Winter solstice
http://astrothesaurus.org/uat/2128,Technosignatures
http://astrothesaurus.org/uat/1223,Photodissociation regions
http://astrothesaurus.org/uat/23,Alfven waves
http://astrothesaurus.org/uat/7,A subgiant stars
http://astrothesaurus.org/uat/1711,Transits
http://astrothesaurus.org/uat/2167,High angular resolution
http://astrothesaurus.org/uat/375,Detached binary stars
http://astrothesaurus.org/uat/961,Lunar maria
http://astrothesaurus.org/uat/1927,Prior distribution
http://astrothesaurus.org/uat/923,Limiting magnitude
http://astrothesaurus.org/uat/1880,Galaxy dark matter halos
http://astrothesaurus.org/uat/2042,Solar K corona
http://astrothesaurus.org/uat/856,Interstellar synchrotron emission
http://astrothesaurus.org/uat/501,Expanding stellar envelopes
http://astrothesaurus.org/uat/688,Gunn photometry
http://astrothesaurus.org/uat/1389,Relativistic fluid dynamics
http://astrothesaurus.org/uat/321,Cosmic magnetic fields theory
http://astrothesaurus.org/uat/767,Hydrodynamical simulations
http://astrothesaurus.org/uat/826,Interplanetary particle acceleration
http://astrothesaurus.org/uat/1394,Relaxation time
http://astrothesaurus.org/uat/1366,Recurrent novae
http://astrothesaurus.org/uat/1604,Stellar gas distribution
http://astrothesaurus.org/uat/704,Hayashi track
http://astrothesaurus.org/uat/537,Finding lists
http://astrothesaurus.org/uat/1294,Primordial magnetic fields
http://astrothesaurus.org/uat/1499,Solar instruments
http://astrothesaurus.org/uat/2062,Charge exchange recombination
http://astrothesaurus.org/uat/2174,Volcanism
http://astrothesaurus.org/uat/740,High time resolution astrophysics
http://astrothesaurus.org/uat/542,Flash stars
http://astrothesaurus.org/uat/754,Hot Neptunes
http://astrothesaurus.org/uat/276,Cometary globules
http://astrothesaurus.org/uat/2079,Pre-biotic astrochemistry
http://astrothesaurus.org/uat/1585,Stellar atmospheric opacity
http://astrothesaurus.org/uat/209,cD galaxies
http://astrothesaurus.org/uat/468,Equatorial mounts
http://astrothesaurus.org/uat/812,Intergalactic gas
http://astrothesaurus.org/uat/1563,Standard candles
http://astrothesaurus.org/uat/1878,Gamma-ray bursters
http://astrothesaurus.org/uat/2039,Solar coronal plumes
http://astrothesaurus.org/uat/1867,Private software
http://astrothesaurus.org/uat/443,Eclipsing binary minima timing method
http://astrothesaurus.org/uat/845,Interstellar magnetic fields
http://astrothesaurus.org/uat/1069,Modified Newtonian dynamics
http://astrothesaurus.org/uat/1211,Period determination
http://astrothesaurus.org/uat/1552,Speckle interferometry
http://astrothesaurus.org/uat/689,H-alpha stars
http://astrothesaurus.org/uat/2041,Galactic bulge
http://astrothesaurus.org/uat/333,Cosmogony
http://astrothesaurus.org/uat/913,Lc variable stars
http://astrothesaurus.org/uat/1707,Transit duration variation method
http://astrothesaurus.org/uat/1670,Surface photometry
http://astrothesaurus.org/uat/1639,Stratopause
http://astrothesaurus.org/uat/368,Delta Cepheid variable stars
http://astrothesaurus.org/uat/755,Hour angle
http://astrothesaurus.org/uat/730,Hierarchical cosmology
http://astrothesaurus.org/uat/2084,Line intensities
http://astrothesaurus.org/uat/1953,Irregular cadence
http://astrothesaurus.org/uat/1250,Planetary nebulae nuclei
http://astrothesaurus.org/uat/1752,Urca process
http://astrothesaurus.org/uat/122,Automatic patrol telescopes
http://astrothesaurus.org/uat/1808,Wormholes
http://astrothesaurus.org/uat/1166,Optical flares
http://astrothesaurus.org/uat/479,Event horizons
http://astrothesaurus.org/uat/1437,Seasonal phenomena
http://astrothesaurus.org/uat/1262,Plasma clouds
http://astrothesaurus.org/uat/1390,Relativistic jets
http://astrothesaurus.org/uat/51,Apastron
http://astrothesaurus.org/uat/2209,Asteroid surfaces
http://astrothesaurus.org/uat/932,Long baseline interferometry
http://astrothesaurus.org/uat/555,Fundamental parameters of stars
http://astrothesaurus.org/uat/2104,B(e) stars
http://astrothesaurus.org/uat/1789,Warm neutral medium
http://astrothesaurus.org/uat/1989,Solar coronal heating
http://astrothesaurus.org/uat/1813,X-ray bursters
http://astrothesaurus.org/uat/1246,Planetary bow shocks
http://astrothesaurus.org/uat/1397,RGB photometry
http://astrothesaurus.org/uat/83,Astronomy databases
http://astrothesaurus.org/uat/578,Galaxy bulges
http://astrothesaurus.org/uat/139,Baryon density
http://astrothesaurus.org/uat/1023,Megamasers
http://astrothesaurus.org/uat/557,G giant stars
http://astrothesaurus.org/uat/76,Astrodynamics
http://astrothesaurus.org/uat/793,Infrared sources
http://astrothesaurus.org/uat/756,HST photometry
http://astrothesaurus.org/uat/1424,Saros cycle
http://astrothesaurus.org/uat/1675,Symbiotic novae
http://astrothesaurus.org/uat/180,Bright nebulae
http://astrothesaurus.org/uat/1969,GPU computing
http://astrothesaurus.org/uat/250,Classical Kuiper belt objects
http://astrothesaurus.org/uat/1672,SX Arietis variable stars
http://astrothesaurus.org/uat/954,Lunar geochronology
http://astrothesaurus.org/uat/559,G subdwarf stars
http://astrothesaurus.org/uat/515,Stellar F corona
http://astrothesaurus.org/uat/666,Gravitational equilibrium
http://astrothesaurus.org/uat/1730,Type Ic supernovae
http://astrothesaurus.org/uat/543,Flat space
http://astrothesaurus.org/uat/639,Gaseous nebulae
http://astrothesaurus.org/uat/227,Chlorofluorocarbons
http://astrothesaurus.org/uat/1143,Oblateness
http://astrothesaurus.org/uat/182,Brightness temperature
http://astrothesaurus.org/uat/1446,Semiminor axis
http://astrothesaurus.org/uat/632,Gamma-ray observatories
http://astrothesaurus.org/uat/819,Internal waves
http://astrothesaurus.org/uat/217,Cepheid distance
http://astrothesaurus.org/uat/1101,Neutrino decoupling
http://astrothesaurus.org/uat/361,de Sitter universe
http://astrothesaurus.org/uat/957,Lunar highlands
http://astrothesaurus.org/uat/411,Dumbbell galaxies
http://astrothesaurus.org/uat/196,Carbon dioxide
http://astrothesaurus.org/uat/195,Carbon burning
http://astrothesaurus.org/uat/1356,Radio source catalogs
http://astrothesaurus.org/uat/784,Inflationary universe
http://astrothesaurus.org/uat/743,Holmberg radius
http://astrothesaurus.org/uat/309,Stellar coronal loops
http://astrothesaurus.org/uat/1485,Solar coronal loops
http://astrothesaurus.org/uat/535,Filamentary nebulae
http://astrothesaurus.org/uat/1376,Reddened stars
http://astrothesaurus.org/uat/328,Cosmic ray sources
http://astrothesaurus.org/uat/1402,Ring singularities
http://astrothesaurus.org/uat/1881,Stellar coronal mass ejections
http://astrothesaurus.org/uat/1609,Stellar luminosities
http://astrothesaurus.org/uat/952,Lunar evolution
http://astrothesaurus.org/uat/1090,Nautical almanacs
http://astrothesaurus.org/uat/2111,Double periodic variable stars
http://astrothesaurus.org/uat/517,F giant stars
http://astrothesaurus.org/uat/1819,X-ray observatories
http://astrothesaurus.org/uat/1426,Saturn
http://astrothesaurus.org/uat/1281,Polytropes
http://astrothesaurus.org/uat/716,Helium burning
http://astrothesaurus.org/uat/439,Earth (planet)
http://astrothesaurus.org/uat/574,Galaxy abundances
http://astrothesaurus.org/uat/1683,Technetium stars
http://astrothesaurus.org/uat/2014,SRS variable stars
http://astrothesaurus.org/uat/2070,Natural decay
http://astrothesaurus.org/uat/1352,Radio plumes
http://astrothesaurus.org/uat/1449,Shadow bands
http://astrothesaurus.org/uat/899,Lambda Eridani stars
http://astrothesaurus.org/uat/640,Gegenschein
http://astrothesaurus.org/uat/87,Astronomical object identification
http://astrothesaurus.org/uat/1093,Near infrared astronomy
http://astrothesaurus.org/uat/33,Am stars
http://astrothesaurus.org/uat/707,Heliopause
http://astrothesaurus.org/uat/599,Galaxy infall
http://astrothesaurus.org/uat/2031,Scaling relations
http://astrothesaurus.org/uat/681,Grazing incidence telescopes
http://astrothesaurus.org/uat/1292,Primordial black holes
http://astrothesaurus.org/uat/888,Kinematic parallax
http://astrothesaurus.org/uat/1404,Roche limit
http://astrothesaurus.org/uat/381,Diffuse molecular clouds
http://astrothesaurus.org/uat/2067,Excitation rates
http://astrothesaurus.org/uat/1154,Oef stars
http://astrothesaurus.org/uat/216,Center of mass
http://astrothesaurus.org/uat/1898,Poisson distribution
http://astrothesaurus.org/uat/1024,Mercury (planet)
http://astrothesaurus.org/uat/41,Annual equation
http://astrothesaurus.org/uat/1030,Mesosphere
http://astrothesaurus.org/uat/1150,Ocean-atmosphere interactions
http://astrothesaurus.org/uat/765,Hungaria group
http://astrothesaurus.org/uat/2106,Anomalous Cepheid variable stars
http://astrothesaurus.org/uat/1888,Expectation-Maximization Algorithm
http://astrothesaurus.org/uat/2047,Main sequence
http://astrothesaurus.org/uat/912,Lb variable stars
http://astrothesaurus.org/uat/1301,Protoplanetary nebulae
http://astrothesaurus.org/uat/823,Interplanetary grains
http://astrothesaurus.org/uat/1296,Proplyds
http://astrothesaurus.org/uat/1508,Solar nebulae
http://astrothesaurus.org/uat/1936,Support vector machine
http://astrothesaurus.org/uat/394,Distance indicators
http://astrothesaurus.org/uat/1362,Rapid bursts
http://astrothesaurus.org/uat/2082,Spectral line lists
http://astrothesaurus.org/uat/1134,O clusters
http://astrothesaurus.org/uat/186,Burkert profile
http://astrothesaurus.org/uat/1138,O subdwarf stars
http://astrothesaurus.org/uat/2201,Marsden group
http://astrothesaurus.org/uat/1893,Metropolis-Hastings
http://astrothesaurus.org/uat/1064,Minor axis
http://astrothesaurus.org/uat/1156,OH/IR stars
http://astrothesaurus.org/uat/2190,Io
http://astrothesaurus.org/uat/1283,Population II Cepheid variable stars
http://astrothesaurus.org/uat/806,Interferometric binary stars
http://astrothesaurus.org/uat/105,Astrophysicists
http://astrothesaurus.org/uat/541,Flash spectra
http://astrothesaurus.org/uat/989,Mach-Zehnder interferometers
http://astrothesaurus.org/uat/1014,Matter density
http://astrothesaurus.org/uat/1718,Troposphere
http://astrothesaurus.org/uat/144,Bediasites
http://astrothesaurus.org/uat/1055,Milky Way Galaxy fountains
http://astrothesaurus.org/uat/1697,Tidal distortion
http://astrothesaurus.org/uat/1009,Martian satellites
http://astrothesaurus.org/uat/417,Dwarf irregular galaxies
http://astrothesaurus.org/uat/592,Galaxy encounters
http://astrothesaurus.org/uat/2114,Surface variability
http://astrothesaurus.org/uat/190,BY Draconis stars
http://astrothesaurus.org/uat/2199,Kracht group
http://astrothesaurus.org/uat/1400,Ring galaxies
http://astrothesaurus.org/uat/1173,Optical pulsars
http://astrothesaurus.org/uat/1382,Refracting telescopes
http://astrothesaurus.org/uat/588,Galaxy counts
http://astrothesaurus.org/uat/610,Galaxy pairs
http://astrothesaurus.org/uat/112,Atmospheric circulation
http://astrothesaurus.org/uat/1768,Very long baseline interferometers
http://astrothesaurus.org/uat/1918,Wavelet analysis
http://astrothesaurus.org/uat/624,Galaxy triplets
http://astrothesaurus.org/uat/69,Ascending node
http://astrothesaurus.org/uat/605,Galaxy magnitudes
http://astrothesaurus.org/uat/1202,Peculiar variable stars
http://astrothesaurus.org/uat/1938,Convolutional neural networks
http://astrothesaurus.org/uat/94,Astronomical site protection
http://astrothesaurus.org/uat/900,Land-atmosphere interactions
http://astrothesaurus.org/uat/513,Extreme horizontal branch stars
http://astrothesaurus.org/uat/310,Solar coronal mass ejections
http://astrothesaurus.org/uat/1007,Mars
http://astrothesaurus.org/uat/1432,Schmidt cameras
http://astrothesaurus.org/uat/551,Friedmann universe
http://astrothesaurus.org/uat/591,Galaxy dynamics
http://astrothesaurus.org/uat/1976,Solar active region velocity fields
http://astrothesaurus.org/uat/2049,Young massive clusters
http://astrothesaurus.org/uat/1344,Radio hot spots
http://astrothesaurus.org/uat/724,Hertzsprung gap
http://astrothesaurus.org/uat/1297,Protoclusters
http://astrothesaurus.org/uat/263,Cocoon stars
http://astrothesaurus.org/uat/918,Light curves
http://astrothesaurus.org/uat/193,Cape RI photometry
http://astrothesaurus.org/uat/1075,Moving cluster parallax
http://astrothesaurus.org/uat/1107,Neutron star cores
http://astrothesaurus.org/uat/378,Diamond ring effect
http://astrothesaurus.org/uat/1734,Ultracompact dwarf galaxies
http://astrothesaurus.org/uat/635,Gamma Cassiopeiae stars
http://astrothesaurus.org/uat/1767,Very Large Telescope
http://astrothesaurus.org/uat/502,Expanding universe
http://astrothesaurus.org/uat/262,CO line emission
http://astrothesaurus.org/uat/1113,Night vision
http://astrothesaurus.org/uat/1201,Chemically peculiar giant stars
http://astrothesaurus.org/uat/876,K dwarf stars
http://astrothesaurus.org/uat/525,Faint blue stars
http://astrothesaurus.org/uat/497,Exoplanet tides
http://astrothesaurus.org/uat/1765,Vertical circle
http://astrothesaurus.org/uat/1669,Surface gravity
http://astrothesaurus.org/uat/2044,Morgan-Keenan classification
http://astrothesaurus.org/uat/2165,Astronomy education
http://astrothesaurus.org/uat/1846,Zone of totality
http://astrothesaurus.org/uat/526,Fanaroff-Riley radio galaxies
http://astrothesaurus.org/uat/2035,X-ray active galactic nuclei
http://astrothesaurus.org/uat/1891,Gibbs Sampler
http://astrothesaurus.org/uat/1700,Tidal radius
http://astrothesaurus.org/uat/1305,Pulsar timing method
http://astrothesaurus.org/uat/145,Bekenstein-Hawking entropy
http://astrothesaurus.org/uat/943,Luminous arcs
http://astrothesaurus.org/uat/92,Astronomical seeing
http://astrothesaurus.org/uat/967,Lunar petrology
http://astrothesaurus.org/uat/300,Stellar convective shells
http://astrothesaurus.org/uat/290,Companion galaxies
http://astrothesaurus.org/uat/268,Collimation
http://astrothesaurus.org/uat/1972,Centre to limb observations
http://astrothesaurus.org/uat/1274,Polar jets
http://astrothesaurus.org/uat/1742,Ultraviolet surveys
http://astrothesaurus.org/uat/1894,Nested sampling
http://astrothesaurus.org/uat/2156,Common envelope binary stars
http://astrothesaurus.org/uat/161,Black hole thermodynamics
http://astrothesaurus.org/uat/477,Ethnoastronomy
http://astrothesaurus.org/uat/1339,Radio bursts
http://astrothesaurus.org/uat/1719,True anomaly
http://astrothesaurus.org/uat/1756,UV Persei stars
http://astrothesaurus.org/uat/1945,Linear regression
http://astrothesaurus.org/uat/879,K subdwarf stars
http://astrothesaurus.org/uat/1122,Nonstandard evolution
http://astrothesaurus.org/uat/1253,Planetary ring divisions
http://astrothesaurus.org/uat/2204,Planetary-disk interactions
http://astrothesaurus.org/uat/810,Intergalactic dust clouds
http://astrothesaurus.org/uat/296,Constellations
http://astrothesaurus.org/uat/890,Kreutz group
http://astrothesaurus.org/uat/1643,Strong gravitational lensing
http://astrothesaurus.org/uat/2133,Transmission spectroscopy
http://astrothesaurus.org/uat/895,L galaxies
http://astrothesaurus.org/uat/160,Black hole spin-flip
http://astrothesaurus.org/uat/2171,Galaxy spectroscopy
http://astrothesaurus.org/uat/665,Gravitational energy
http://astrothesaurus.org/uat/108,Asymptotic giant branch
http://astrothesaurus.org/uat/318,Cosmic electrodynamics
http://astrothesaurus.org/uat/1818,X-ray novae
http://astrothesaurus.org/uat/1773,Virgo Supercluster
http://astrothesaurus.org/uat/2181,Comet Halley
http://astrothesaurus.org/uat/1694,Thermosphere
http://astrothesaurus.org/uat/795,Initial conditions of the universe
http://astrothesaurus.org/uat/53,Aperture synthesis
http://astrothesaurus.org/uat/1028,Mesogranulation
http://astrothesaurus.org/uat/1847,ZZ Ceti stars
http://astrothesaurus.org/uat/1641,Strömgren photometry
http://astrothesaurus.org/uat/1109,Newtonian cosmology
http://astrothesaurus.org/uat/2170,Extreme ultraviolet astronomy
http://astrothesaurus.org/uat/1188,Oscillating universe
http://astrothesaurus.org/uat/78,Astroinformatics
http://astrothesaurus.org/uat/1957,Transient detection
http://astrothesaurus.org/uat/1158,Oort cloud objects
http://astrothesaurus.org/uat/742,Hirayama families
http://astrothesaurus.org/uat/1809,WZ Sagittae stars
http://astrothesaurus.org/uat/39,Andromeda Galaxy
http://astrothesaurus.org/uat/1844,Zirconium stars
http://astrothesaurus.org/uat/436,Earth-moon system
http://astrothesaurus.org/uat/1008,Mars trojans
http://astrothesaurus.org/uat/1996,Solar differential rotation
http://astrothesaurus.org/uat/1155,Of stars
http://astrothesaurus.org/uat/1861,Astronomy data reduction
http://astrothesaurus.org/uat/1626,Stellar radii
http://astrothesaurus.org/uat/976,Lunar transient phenomena
http://astrothesaurus.org/uat/494,Exoplanet rings
http://astrothesaurus.org/uat/1612,Stellar mass functions
http://astrothesaurus.org/uat/1120,Nonclassical interferometry
http://astrothesaurus.org/uat/824,Interplanetary magnetic fields
http://astrothesaurus.org/uat/509,Extrasolar gaseous giant planets
http://astrothesaurus.org/uat/2030,Photometer
http://astrothesaurus.org/uat/2152,Critical curve
http://astrothesaurus.org/uat/118,Atmospheric tides
http://astrothesaurus.org/uat/1854,Ultraviolet transient sources
http://astrothesaurus.org/uat/150,Bianchi cosmology
http://astrothesaurus.org/uat/466,Equator position
http://astrothesaurus.org/uat/1788,Warm ionised medium
http://astrothesaurus.org/uat/647,Geostationary satellites
http://astrothesaurus.org/uat/1459,Silicon stars
http://astrothesaurus.org/uat/706,Heliocentric orbit
http://astrothesaurus.org/uat/604,Galaxy magnetic fields
http://astrothesaurus.org/uat/548,Fornax dwarf spheroidal galaxy
http://astrothesaurus.org/uat/738,High altitude balloons
http://astrothesaurus.org/uat/1988,Active solar corona
http://astrothesaurus.org/uat/2038,Solar coronal lines
http://astrothesaurus.org/uat/873,Jupiter
http://astrothesaurus.org/uat/449,Effective temperature
http://astrothesaurus.org/uat/157,BL Herculis variable stars
http://astrothesaurus.org/uat/971,Lunar rilles
http://astrothesaurus.org/uat/1978,Sunspot flow
http://astrothesaurus.org/uat/1828,Yellow hypergiant stars
http://astrothesaurus.org/uat/2091,Ice destruction
http://astrothesaurus.org/uat/265,Cold dark matter
http://astrothesaurus.org/uat/1578,Stellar accretion
http://astrothesaurus.org/uat/1948,Nonlinear regression
http://astrothesaurus.org/uat/722,Herbig-Haro objects
http://astrothesaurus.org/uat/1769,Very long baseline interferometry
http://astrothesaurus.org/uat/2138,High-resolution microlensing event imaging
http://astrothesaurus.org/uat/1330,Radar telescopes
http://astrothesaurus.org/uat/2145,Microlensing optical depth
http://astrothesaurus.org/uat/1349,Radio loud quasars
http://astrothesaurus.org/uat/2097,Photoelectron spectroscopy
http://astrothesaurus.org/uat/1258,Planetary theory
http://astrothesaurus.org/uat/1601,Stellar faculae
http://astrothesaurus.org/uat/642,Geneva photometry
http://astrothesaurus.org/uat/1999,Solar radiative zone
http://astrothesaurus.org/uat/2182,Eros
http://astrothesaurus.org/uat/1317,Quasar absorption line spectroscopy
http://astrothesaurus.org/uat/904,Laser guide stars
http://astrothesaurus.org/uat/1289,Pre-main sequence
http://astrothesaurus.org/uat/478,Evaporating gaseous globules
http://astrothesaurus.org/uat/43,Annular eclipses
http://astrothesaurus.org/uat/683,Green valley galaxies
http://astrothesaurus.org/uat/1553,Spectral index
http://astrothesaurus.org/uat/2055,Radiative processes
http://astrothesaurus.org/uat/270,Coma Cluster
http://astrothesaurus.org/uat/2102,Stellar granulation
http://astrothesaurus.org/uat/2015,FK Comae stars
http://astrothesaurus.org/uat/828,Interplanetary scintillation
http://astrothesaurus.org/uat/849,Interstellar molecules
http://astrothesaurus.org/uat/1696,Tidal disruption
http://astrothesaurus.org/uat/1721,Turnoff point
http://astrothesaurus.org/uat/424,E+A galaxies
http://astrothesaurus.org/uat/1872,Fast solar wind
http://astrothesaurus.org/uat/1572,Starspots
http://astrothesaurus.org/uat/1644,Strontium stars
http://astrothesaurus.org/uat/568,Galactic latitude
http://astrothesaurus.org/uat/151,Big Bang nucleosynthesis
http://astrothesaurus.org/uat/1087,Naked singularities
http://astrothesaurus.org/uat/1385,Relativistic aberration
http://astrothesaurus.org/uat/1824,X-ray surveys
http://astrothesaurus.org/uat/1060,Milky Way stellar halo
http://astrothesaurus.org/uat/1607,Stellar jets
http://astrothesaurus.org/uat/1760,Variable star period change
http://astrothesaurus.org/uat/2026,M-sigma relation
http://astrothesaurus.org/uat/699,Halo stars
http://astrothesaurus.org/uat/1536,Solar x-ray emission
http://astrothesaurus.org/uat/191,Calendars
http://astrothesaurus.org/uat/1142,OB supergiant stars
http://astrothesaurus.org/uat/1238,Photovisual magnitude
http://astrothesaurus.org/uat/968,Lunar phase
http://astrothesaurus.org/uat/1960,Phase dispersion minimization
http://astrothesaurus.org/uat/1409,Rovers
http://astrothesaurus.org/uat/1313,Quantum cosmology
http://astrothesaurus.org/uat/1923,Kullback-Leibler distance
http://astrothesaurus.org/uat/1388,Relativistic disks
http://astrothesaurus.org/uat/1983,Solar white-light flares
http://astrothesaurus.org/uat/1083,N-body simulations
http://astrothesaurus.org/uat/1594,Galaxy stellar disks
http://astrothesaurus.org/uat/480,Evolution equation
http://astrothesaurus.org/uat/617,Galaxy radii
http://astrothesaurus.org/uat/937,Longitude of the descending node
http://astrothesaurus.org/uat/1753,Ursa Minor dwarf spheroidal galaxy
http://astrothesaurus.org/uat/1816,Solar x-ray flares
http://astrothesaurus.org/uat/2126,Ram pressure stripped tails
http://astrothesaurus.org/uat/1971,Distributed computing
http://astrothesaurus.org/uat/2130,Astrometric exoplanet detection
http://astrothesaurus.org/uat/220,CH stars
http://astrothesaurus.org/uat/549,Free floating planets
http://astrothesaurus.org/uat/2134,Radio active galactic nuclei
http://astrothesaurus.org/uat/57,Apogee
http://astrothesaurus.org/uat/2017,AGN host galaxies
http://astrothesaurus.org/uat/1647,Submillimeter astronomy
http://astrothesaurus.org/uat/2000,Solar magnetic flux emergence
http://astrothesaurus.org/uat/1935,Random Forests
http://astrothesaurus.org/uat/200,Carbonaceous chondrites
http://astrothesaurus.org/uat/1737,Ultraviolet color
http://astrothesaurus.org/uat/677,Gravitational wave sources
http://astrothesaurus.org/uat/1288,pp waves
http://astrothesaurus.org/uat/1876,RRd variable stars
http://astrothesaurus.org/uat/1091,Navarro-Frenk-White profile
http://astrothesaurus.org/uat/1533,Solar ultraviolet emission
http://astrothesaurus.org/uat/1840,Zenith telescopes
http://astrothesaurus.org/uat/427,E layer
http://astrothesaurus.org/uat/1039,Meteoroid dust clouds
http://astrothesaurus.org/uat/170,Bode's law
http://astrothesaurus.org/uat/1656,Superbubbles
http://astrothesaurus.org/uat/1750,Uranian satellites
http://astrothesaurus.org/uat/2142,Finite-source photometric effect
http://astrothesaurus.org/uat/1312,Quadrants
http://astrothesaurus.org/uat/1470,Sociology of astronomy
http://astrothesaurus.org/uat/942,Luminosity function
http://astrothesaurus.org/uat/1267,Pluto
http://astrothesaurus.org/uat/1189,Osculating orbit
http://astrothesaurus.org/uat/1866,Open source software
http://astrothesaurus.org/uat/1433,Schwarzschild black holes
http://astrothesaurus.org/uat/1937,Gaussian mixture model
http://astrothesaurus.org/uat/1436,Sculptor dwarf elliptical galaxy
http://astrothesaurus.org/uat/1457,Silicon burning
http://astrothesaurus.org/uat/1420,S Doradus stars
http://astrothesaurus.org/uat/1522,Solar radio emission
http://astrothesaurus.org/uat/1240,Plages
http://astrothesaurus.org/uat/1165,Optical double stars
http://astrothesaurus.org/uat/347,D layer
http://astrothesaurus.org/uat/1395,Remote telescope astrophotography
http://astrothesaurus.org/uat/1952,Voronoi tessellation
http://astrothesaurus.org/uat/744,Holmium stars
http://astrothesaurus.org/uat/2059,Electron impact ionization
http://astrothesaurus.org/uat/1763,Venus
http://astrothesaurus.org/uat/1151,Ocean planets
http://astrothesaurus.org/uat/1530,Solar system formation
http://astrothesaurus.org/uat/70,Asteroid belt
http://astrothesaurus.org/uat/2078,Experimental techniques
http://astrothesaurus.org/uat/1050,Milky Way disk
http://astrothesaurus.org/uat/1766,Very Large Array
http://astrothesaurus.org/uat/631,Gamma-ray lines
http://astrothesaurus.org/uat/667,Gravitational fields
http://astrothesaurus.org/uat/2150,Topocentric microlensing parallax
http://astrothesaurus.org/uat/179,Brane cosmology
http://astrothesaurus.org/uat/928,Lithosphere
http://astrothesaurus.org/uat/189,BW stars
http://astrothesaurus.org/uat/613,Galaxy planes
http://astrothesaurus.org/uat/1272,Pointing error
http://astrothesaurus.org/uat/1286,Position angle
http://astrothesaurus.org/uat/965,Lunar occultation
http://astrothesaurus.org/uat/140,Baryonic dark matter
http://astrothesaurus.org/uat/1630,Stellar spectral lines
http://astrothesaurus.org/uat/366,Deep space probes
http://astrothesaurus.org/uat/34,Amateur astronomers
http://astrothesaurus.org/uat/898,Lambda density
http://astrothesaurus.org/uat/1958,Fast Fourier transform
http://astrothesaurus.org/uat/875,Stellar K corona
http://astrothesaurus.org/uat/399,Domes
http://astrothesaurus.org/uat/1892,Importance sampling
http://astrothesaurus.org/uat/141,Bautz-Morgan type
http://astrothesaurus.org/uat/1005,Mantle
http://astrothesaurus.org/uat/1501,Solar spectral irradiance
http://astrothesaurus.org/uat/1311,PV Telescopii variable stars
http://astrothesaurus.org/uat/344,Curvature singularities
http://astrothesaurus.org/uat/545,Flyby missions
http://astrothesaurus.org/uat/2189,Europa
http://astrothesaurus.org/uat/32,AM Herculis stars
http://astrothesaurus.org/uat/308,Stellar coronal lines
http://astrothesaurus.org/uat/920,LIGO
http://astrothesaurus.org/uat/1463,Sky noise
http://astrothesaurus.org/uat/1964,Magnetohydrodynamics
http://astrothesaurus.org/uat/1580,Stellar activity
http://astrothesaurus.org/uat/46,Antapex
http://astrothesaurus.org/uat/1252,Planetary probes
http://astrothesaurus.org/uat/2192,Aurorae
http://astrothesaurus.org/uat/1909,Cross-validation 
http://astrothesaurus.org/uat/1727,Twotinos
http://astrothesaurus.org/uat/1655,Super Earths
http://astrothesaurus.org/uat/1628,Stellar rings
http://astrothesaurus.org/uat/1458,Silicon monoxide masers
http://astrothesaurus.org/uat/1984,Solar magnetic bright points
http://astrothesaurus.org/uat/1053,Milky Way formation
http://astrothesaurus.org/uat/1048,Micrometeoroids
http://astrothesaurus.org/uat/1986,Quiet solar chromosphere
http://astrothesaurus.org/uat/1248,Planetary interior
http://astrothesaurus.org/uat/1221,Phase switching
http://astrothesaurus.org/uat/882,Kappa mechanism
http://astrothesaurus.org/uat/751,Hot intergalactic medium
http://astrothesaurus.org/uat/1218,Phase defect
http://astrothesaurus.org/uat/165,Blue compact dwarf galaxies
http://astrothesaurus.org/uat/829,Interplanetary shocks
http://astrothesaurus.org/uat/1859,Astronomy data modelling
http://astrothesaurus.org/uat/2093,Theoretical techniques
http://astrothesaurus.org/uat/66,Argument of perihelion
http://astrothesaurus.org/uat/1587,Stellar bridges
http://astrothesaurus.org/uat/1771,Vilnius photometry
http://astrothesaurus.org/uat/656,Globular star clusters
http://astrothesaurus.org/uat/236,Circumstellar dust
http://astrothesaurus.org/uat/1874,Solar meridional circulation
http://astrothesaurus.org/uat/2168,AB photometry
http://astrothesaurus.org/uat/748,Horizontal parallax
http://astrothesaurus.org/uat/1640,Stratosphere
http://astrothesaurus.org/uat/2146,Microlensing event rate
http://astrothesaurus.org/uat/883,Kapteyn Selected Areas
http://astrothesaurus.org/uat/1815,X-ray detectors
http://astrothesaurus.org/uat/931,Long baseline interferometers
http://astrothesaurus.org/uat/1759,Variable radiation sources
http://astrothesaurus.org/uat/2135,Stellar occultation
http://astrothesaurus.org/uat/507,Extragalactic magnetic fields
http://astrothesaurus.org/uat/712,Heliostats
http://astrothesaurus.org/uat/1282,Population I stars
http://astrothesaurus.org/uat/1981,Solar filament eruptions
http://astrothesaurus.org/uat/1614,Stellar masses
http://astrothesaurus.org/uat/2120,Atmospheric composition
http://astrothesaurus.org/uat/1268,Plutoids
http://astrothesaurus.org/uat/1178,Orbital evolution
http://astrothesaurus.org/uat/158,BL Lacertae objects
http://astrothesaurus.org/uat/668,Gravitational instability
http://astrothesaurus.org/uat/1516,Solar parallax
http://astrothesaurus.org/uat/1803,Wilson effect
http://astrothesaurus.org/uat/2110,Blazhko effect
http://astrothesaurus.org/uat/1094,Near ultraviolet astronomy
http://astrothesaurus.org/uat/1642,Strömgren spheres
http://astrothesaurus.org/uat/629,Gamma-ray bursts
http://astrothesaurus.org/uat/1821,X-ray quasars
http://astrothesaurus.org/uat/987,M subgiant stars
http://astrothesaurus.org/uat/1966,Magnetohydrodynamical simulations
http://astrothesaurus.org/uat/153,Binary pulsars
http://astrothesaurus.org/uat/1239,Pickup ions
http://astrothesaurus.org/uat/2196,Sundivers
http://astrothesaurus.org/uat/698,Hall thrusters
http://astrothesaurus.org/uat/174,Bondi accretion
http://astrothesaurus.org/uat/441,Eccentricity
http://astrothesaurus.org/uat/1293,Primordial galaxies
http://astrothesaurus.org/uat/914,Lemaitre universe
http://astrothesaurus.org/uat/1712,Triangulum Galaxy
http://astrothesaurus.org/uat/523,Faber-Jackson distance
http://astrothesaurus.org/uat/463,Ephemeral active regions
http://astrothesaurus.org/uat/857,Interstellar thermal emission
http://astrothesaurus.org/uat/1839,Zenith hourly rate
http://astrothesaurus.org/uat/2143,Lens orbital motion
http://astrothesaurus.org/uat/1135,O dwarf stars
http://astrothesaurus.org/uat/1709,Transit photometry
http://astrothesaurus.org/uat/1977,Solar active region filaments
http://astrothesaurus.org/uat/835,Interstellar cyclotron emission
http://astrothesaurus.org/uat/1825,X-ray telescopes
http://astrothesaurus.org/uat/1843,Zero-age main sequence stars
http://astrothesaurus.org/uat/1455,Sigma8
http://astrothesaurus.org/uat/2016,Quenched galaxies
http://astrothesaurus.org/uat/1961,Confidence interval
http://astrothesaurus.org/uat/1991,Solar F corona
http://astrothesaurus.org/uat/1205,Penumbra
http://astrothesaurus.org/uat/1801,Wide binary stars
http://astrothesaurus.org/uat/2037,Space weather
http://astrothesaurus.org/uat/1193,Oxygen burning
http://astrothesaurus.org/uat/1407,Rotating shells
http://astrothesaurus.org/uat/2089,Plasma physics
http://astrothesaurus.org/uat/1207,Periapsis
http://astrothesaurus.org/uat/1190,Osculatory elements
http://astrothesaurus.org/uat/1691,Tertiary stars
http://astrothesaurus.org/uat/292,Comparison stars
http://astrothesaurus.org/uat/915,Lenticular galaxies
http://astrothesaurus.org/uat/546,Forbush effect
http://astrothesaurus.org/uat/1353,Radio pulsars
http://astrothesaurus.org/uat/1187,Orreries
http://astrothesaurus.org/uat/1722,Twilight
http://astrothesaurus.org/uat/1378,Redshift surveys
http://astrothesaurus.org/uat/2116,Surface processes
http://astrothesaurus.org/uat/1979,Delta sunspots
http://astrothesaurus.org/uat/737,High latitude field
http://astrothesaurus.org/uat/820,Interplanetary discontinuities
http://astrothesaurus.org/uat/1029,Mesopause
http://astrothesaurus.org/uat/373,Density wave model
http://astrothesaurus.org/uat/1748,Upper atmosphere
http://astrothesaurus.org/uat/362,De Vaucouleurs Sandage classification
http://astrothesaurus.org/uat/998,Magnetospheric radio emissions
http://astrothesaurus.org/uat/838,Interstellar dust processes
http://astrothesaurus.org/uat/949,Lunar craters
http://astrothesaurus.org/uat/163,Blank fields
http://astrothesaurus.org/uat/1751,Uranus
http://astrothesaurus.org/uat/1016,Maximal Kerr black holes
http://astrothesaurus.org/uat/608,Galaxy mergers
http://astrothesaurus.org/uat/1323,Quintessence
http://astrothesaurus.org/uat/1745,Unbarred spiral galaxies
http://astrothesaurus.org/uat/1128,Nuclear abundances
http://astrothesaurus.org/uat/1401,Ring nebulae
http://astrothesaurus.org/uat/2164,Ultraluminous x-ray sources
http://astrothesaurus.org/uat/1291,Pre-solar nebulae
http://astrothesaurus.org/uat/266,Cold neutral medium
http://astrothesaurus.org/uat/52,Interstellar objects
http://astrothesaurus.org/uat/2048,Horizontal branch
http://astrothesaurus.org/uat/1044,Michelson interferometers
http://astrothesaurus.org/uat/1269,Pogson scale
http://astrothesaurus.org/uat/1140,OB associations
http://astrothesaurus.org/uat/1922,Fisher's Information
http://astrothesaurus.org/uat/852,Interstellar radiation field
http://astrothesaurus.org/uat/1124,North ecliptic pole
http://astrothesaurus.org/uat/272,Comet interiors
http://astrothesaurus.org/uat/925,LINER galaxies
http://astrothesaurus.org/uat/11,Abundance ratios
http://astrothesaurus.org/uat/3,A dwarf stars
http://astrothesaurus.org/uat/630,Gamma-ray detectors
http://astrothesaurus.org/uat/2074,Transition probabilities
http://astrothesaurus.org/uat/1574,Steady-state theory
http://astrothesaurus.org/uat/1057,Milky Way magnetic fields
http://astrothesaurus.org/uat/1144,Oblique rotators
http://astrothesaurus.org/uat/2020,Exoplanet atmospheric variability
http://astrothesaurus.org/uat/382,Diffuse nebulae
http://astrothesaurus.org/uat/2088,Particle physics
http://astrothesaurus.org/uat/93,Astronomical sextants
http://astrothesaurus.org/uat/1921,Chi-squared statistic
http://astrothesaurus.org/uat/1870,Educational software
http://astrothesaurus.org/uat/562,Galaxy accretion disks
http://astrothesaurus.org/uat/2211,Asteroid rotation
http://astrothesaurus.org/uat/208,CCD photometry
http://astrothesaurus.org/uat/729,Hickson compact group
http://astrothesaurus.org/uat/753,Hot Jupiters
http://astrothesaurus.org/uat/565,Galactic centre
http://astrothesaurus.org/uat/2018,Biosignatures
http://astrothesaurus.org/uat/1573,Statistical parallax
http://astrothesaurus.org/uat/2025,Irregular natural satellites (Extrasolar)
http://astrothesaurus.org/uat/955,Lunar geodesy
http://astrothesaurus.org/uat/1836,Z Camelopardalis stars
http://astrothesaurus.org/uat/1755,UV Ceti stars
http://astrothesaurus.org/uat/469,Equatorial zone
http://astrothesaurus.org/uat/1860,Astronomy data acquisition
http://astrothesaurus.org/uat/1796,Weak G band stars
http://astrothesaurus.org/uat/916,Leptogenesis
http://astrothesaurus.org/uat/232,CII region
http://astrothesaurus.org/uat/646,Geomagnetic fields
http://astrothesaurus.org/uat/359,DDO classification
http://astrothesaurus.org/uat/777,Hz Herculis x-ray binary stars
http://astrothesaurus.org/uat/1337,Radio astrometry
http://astrothesaurus.org/uat/1220,Phase error
http://astrothesaurus.org/uat/2087,Nuclear reaction cross sections
http://astrothesaurus.org/uat/2158,Neutral coma gases
http://astrothesaurus.org/uat/1212,Periodic orbit
http://astrothesaurus.org/uat/71,Asteroid occultation
http://astrothesaurus.org/uat/1049,Milky Way dark matter halo
http://astrothesaurus.org/uat/701,Haro galaxies
http://astrothesaurus.org/uat/2032,Galaxy spheroids
http://astrothesaurus.org/uat/1995,Solar coronal waves
http://astrothesaurus.org/uat/8,A supergiant stars
http://astrothesaurus.org/uat/861,Ionospheric scintillation
http://astrothesaurus.org/uat/231,Chthonian planets
http://astrothesaurus.org/uat/776,Hypervelocity stars
http://astrothesaurus.org/uat/2098,Experimental models
http://astrothesaurus.org/uat/125,B subgiant stars
http://astrothesaurus.org/uat/58,Apollo group
http://astrothesaurus.org/uat/2019,Reverberation mapping
http://astrothesaurus.org/uat/44,Anomalistic month
http://astrothesaurus.org/uat/123,Autumnal equinox
http://astrothesaurus.org/uat/2166,Stellar streams
http://astrothesaurus.org/uat/1527,Solar surface
http://astrothesaurus.org/uat/1474,Solar abundances
http://astrothesaurus.org/uat/311,Stellar coronal plumes
http://astrothesaurus.org/uat/2148,Satellite microlensing parallax
http://astrothesaurus.org/uat/892,Kruskal diagram
http://astrothesaurus.org/uat/1471,Soft gamma-ray repeaters
http://astrothesaurus.org/uat/1355,Radio receivers
http://astrothesaurus.org/uat/1997,Solar coronal mass ejection shocks
http://astrothesaurus.org/uat/863,Iron meteorites
http://astrothesaurus.org/uat/822,Interplanetary gas
http://astrothesaurus.org/uat/1316,Quasar-galaxy pairs
http://astrothesaurus.org/uat/1350,Radio observatories
http://astrothesaurus.org/uat/358,DB stars
http://astrothesaurus.org/uat/1354,Radio quiet quasars
http://astrothesaurus.org/uat/1673,SX Phoenicis variable stars
http://astrothesaurus.org/uat/1795,Weak-line T Tauri stars
http://astrothesaurus.org/uat/1701,Tidal tails
http://astrothesaurus.org/uat/1841,Zenith tubes
http://astrothesaurus.org/uat/1934,Outlier detection
http://astrothesaurus.org/uat/2147,Gravitational microlensing exoplanet detection
http://astrothesaurus.org/uat/1967,Radiative transfer simulations
http://astrothesaurus.org/uat/843,Interstellar line absorption
http://astrothesaurus.org/uat/2212,Natural satellite dynamics
http://astrothesaurus.org/uat/1731,Type II supernovae
http://astrothesaurus.org/uat/2109,Time domain astronomy
http://astrothesaurus.org/uat/302,Cool cores
http://astrothesaurus.org/uat/2123,OGLE small amplitude red giant stars
http://astrothesaurus.org/uat/1025,Mercury-manganese stars
http://astrothesaurus.org/uat/60,Apparent position
http://astrothesaurus.org/uat/1077,Multi-color photometry
http://astrothesaurus.org/uat/1325,R associations
http://astrothesaurus.org/uat/1890,Affine invariant
http://astrothesaurus.org/uat/1940,Akaike information criterion
http://astrothesaurus.org/uat/1285,Population III stars
http://astrothesaurus.org/uat/719,Henry Draper catalogue
http://astrothesaurus.org/uat/1161,Open universe
http://astrothesaurus.org/uat/1298,Protogalaxies
http://astrothesaurus.org/uat/846,Interstellar masers
http://astrothesaurus.org/uat/2136,Binary lens microlensing
http://astrothesaurus.org/uat/1571,Starlight polarisation
http://astrothesaurus.org/uat/1104,Neutrino oscillations
http://astrothesaurus.org/uat/947,Lunar atmosphere
http://astrothesaurus.org/uat/991,Magellanic Stream
http://astrothesaurus.org/uat/1785,Walraven photometry
http://astrothesaurus.org/uat/869,Jeans mass
http://astrothesaurus.org/uat/1328,R stars
http://astrothesaurus.org/uat/1019,Mean anomaly
http://astrothesaurus.org/uat/403,Double-mode pulsation
http://astrothesaurus.org/uat/1676,Synodic period
http://astrothesaurus.org/uat/2129,Spectral energy distribution
http://astrothesaurus.org/uat/1717,Tropopause
http://astrothesaurus.org/uat/1428,Scalar-tensor-vector gravity
http://astrothesaurus.org/uat/1399,Right ascension
http://astrothesaurus.org/uat/1812,X-ray bright point
http://astrothesaurus.org/uat/1652,Sunspot number
http://astrothesaurus.org/uat/1678,T associations
http://astrothesaurus.org/uat/206,Caustic crossing
http://astrothesaurus.org/uat/539,FK catalogue
http://astrothesaurus.org/uat/1136,O giant stars
http://astrothesaurus.org/uat/1465,Sloan photometry
http://astrothesaurus.org/uat/1015,Maunder minimum
http://astrothesaurus.org/uat/837,Interstellar dust extinction
http://astrothesaurus.org/uat/2122,Alpha Cygni variable stars
http://astrothesaurus.org/uat/2193,Lightning
http://astrothesaurus.org/uat/409,Dredge-up
http://astrothesaurus.org/uat/1744,Umbra
http://astrothesaurus.org/uat/136,Barred spiral galaxies
http://astrothesaurus.org/uat/1648,Substellar companion stars
http://astrothesaurus.org/uat/1729,Type Ib supernovae
http://astrothesaurus.org/uat/2208,Natural satellite surfaces
http://astrothesaurus.org/uat/1512,Solar neutrons
http://astrothesaurus.org/uat/450,Einstein field equations
http://astrothesaurus.org/uat/49,Antumbra
http://astrothesaurus.org/uat/1461,Single x-ray stars
http://astrothesaurus.org/uat/267,Collapsing clouds
http://astrothesaurus.org/uat/1340,Radio continuum emission
http://astrothesaurus.org/uat/264,Coelostats
http://astrothesaurus.org/uat/2132,Cold Neptunes
http://astrothesaurus.org/uat/832,Interstellar abundances
http://astrothesaurus.org/uat/1226,Photogrammetry
http://astrothesaurus.org/uat/2162,Comet volatiles 
http://astrothesaurus.org/uat/1992,Quiet solar corona
http://astrothesaurus.org/uat/2024,Extrasolar ice giants
http://astrothesaurus.org/uat/734,High-redshift galaxies
http://astrothesaurus.org/uat/407,DQ Herculis stars
http://astrothesaurus.org/uat/921,Limb brightening
http://astrothesaurus.org/uat/1280,Polycyclic aromatic hydrocarbons
http://astrothesaurus.org/uat/1106,Neutron interferometry
http://astrothesaurus.org/uat/1523,Solar radio telescopes
http://astrothesaurus.org/uat/355,Dark matter detectors
http://astrothesaurus.org/uat/1654,Sunyaev-Zeldovich effect
http://astrothesaurus.org/uat/1973,Spectropolarimetry
http://astrothesaurus.org/uat/1164,Optical bursts
http://astrothesaurus.org/uat/383,Diffuse radiation
http://astrothesaurus.org/uat/1387,Relativistic cosmology
http://astrothesaurus.org/uat/413,Dust nebulae
http://astrothesaurus.org/uat/1046,Microgravity
http://astrothesaurus.org/uat/2140,Astrometric microlensing effect
http://astrothesaurus.org/uat/1013,Mass spectrometers
http://astrothesaurus.org/uat/1805,WN stars
http://astrothesaurus.org/uat/1062,Millisecond pulsars
http://astrothesaurus.org/uat/1383,Reionization
http://astrothesaurus.org/uat/516,F dwarf stars
http://astrothesaurus.org/uat/2060,Photoionisation
http://astrothesaurus.org/uat/518,F layer
http://astrothesaurus.org/uat/138,Baryon acoustic oscillations
http://astrothesaurus.org/uat/2085,Line positions
http://astrothesaurus.org/uat/1577,Stellar abundances
http://astrothesaurus.org/uat/307,Stellar coronal holes
http://astrothesaurus.org/uat/2117,Surface ices
http://astrothesaurus.org/uat/2064,Atomic data benchmarking
http://astrothesaurus.org/uat/188,BV photometry
http://astrothesaurus.org/uat/884,Keplerian orbit
http://astrothesaurus.org/uat/1027,Meridian circles
http://astrothesaurus.org/uat/1774,Virtual observatories
http://astrothesaurus.org/uat/28,Alt-azimuth mounts
http://astrothesaurus.org/uat/1423,Sagittarius dwarf spheroidal galaxy
http://astrothesaurus.org/uat/131,Baade-Wesselink method
http://astrothesaurus.org/uat/789,Infrared excess galaxies
http://astrothesaurus.org/uat/874,Jupiter trojans
http://astrothesaurus.org/uat/240,Circumstellar masers
http://astrothesaurus.org/uat/197,Carbon flashes
http://astrothesaurus.org/uat/412,Dust continuum emission
http://astrothesaurus.org/uat/1959,Lomb-Scargle periodogram
http://astrothesaurus.org/uat/2075,Molecule destruction
http://astrothesaurus.org/uat/237,Circumstellar envelopes
http://astrothesaurus.org/uat/2119,Atmospheric variability
http://astrothesaurus.org/uat/2029,Galaxy environments
http://astrothesaurus.org/uat/2139,Xallarap effect
http://astrothesaurus.org/uat/1231,Photometric parallax
http://astrothesaurus.org/uat/1602,Stellar feedback
http://astrothesaurus.org/uat/1208,Periastron
http://astrothesaurus.org/uat/2056,Charge exchange ionization
http://astrothesaurus.org/uat/1541,Space astrometry
http://astrothesaurus.org/uat/1192,Overabundances
http://astrothesaurus.org/uat/110,Aten group
http://astrothesaurus.org/uat/2040,Galaxy quenching
http://astrothesaurus.org/uat/531,Few-body systems
http://astrothesaurus.org/uat/1478,Solar atmospheric motions
http://astrothesaurus.org/uat/1149,Occulting disks
http://astrothesaurus.org/uat/2105,CEMP stars
http://astrothesaurus.org/uat/2177,Star-planet interactions
http://astrothesaurus.org/uat/533,Field galaxies
http://astrothesaurus.org/uat/1290,Pre-main sequence stars
http://astrothesaurus.org/uat/564,Galactic anticenter
http://astrothesaurus.org/uat/1535,Solar wind termination
http://astrothesaurus.org/uat/1504,Solar magnetic reconnection
http://astrothesaurus.org/uat/596,Galaxy fountains
http://astrothesaurus.org/uat/871,Johnson photometry
http://astrothesaurus.org/uat/425,E-folding time
http://astrothesaurus.org/uat/1561,Spiral pitch angle
http://astrothesaurus.org/uat/855,Interstellar scintillation
http://astrothesaurus.org/uat/1295,Proper motions
http://astrothesaurus.org/uat/1370,Red giant clump
http://astrothesaurus.org/uat/2203,Comet origins
http://astrothesaurus.org/uat/761,Hubble Space Telescope
http://astrothesaurus.org/uat/970,Lunar rays
http://astrothesaurus.org/uat/77,Astrographic catalogues
http://astrothesaurus.org/uat/2103,Field stars
http://astrothesaurus.org/uat/2081,Reaction rates
http://astrothesaurus.org/uat/1473,Solar-terrestrial interactions
http://astrothesaurus.org/uat/1442,Semi-barium stars
http://astrothesaurus.org/uat/277,Ionised coma gases
http://astrothesaurus.org/uat/1970,Cloud computing
http://astrothesaurus.org/uat/1679,T dwarves
http://astrothesaurus.org/uat/1384,Reissner-Nordström black holes
http://astrothesaurus.org/uat/1381,Reflection nebulae
http://astrothesaurus.org/uat/21,Aerolites
http://astrothesaurus.org/uat/907,Late-type galaxies
http://astrothesaurus.org/uat/1460,Single-dish antennas
http://astrothesaurus.org/uat/386,Direct detection interferometry
http://astrothesaurus.org/uat/1251,Planetary polar regions
http://astrothesaurus.org/uat/2092,Ice formation
http://astrothesaurus.org/uat/1243,Planetary alignment
http://astrothesaurus.org/uat/426,Stellar E corona
http://astrothesaurus.org/uat/1123,North celestial pole
http://astrothesaurus.org/uat/349,Damped Lyman-alpha systems
http://astrothesaurus.org/uat/1486,Solar coronal streamers
http://astrothesaurus.org/uat/1502,Solar macrospicules
http://astrothesaurus.org/uat/434,Early stellar evolution
http://astrothesaurus.org/uat/1950,Minimum spanning tree
http://astrothesaurus.org/uat/9,Abell clusters
http://astrothesaurus.org/uat/1133,O associations
http://astrothesaurus.org/uat/924,Line of sight
http://astrothesaurus.org/uat/2083,Collisional broadening
http://astrothesaurus.org/uat/977,Lyman-alpha forest clouds
http://astrothesaurus.org/uat/2027,Irregular satellites
http://astrothesaurus.org/uat/1848,DZ stars
http://astrothesaurus.org/uat/1225,Photoelectric photometry
http://astrothesaurus.org/uat/623,Galaxy tides
http://astrothesaurus.org/uat/964,Lunar node regression
http://astrothesaurus.org/uat/1780,Volcanoes
http://astrothesaurus.org/uat/371,Dense interstellar clouds
http://astrothesaurus.org/uat/569,Galactic longitude
http://astrothesaurus.org/uat/1163,Opposition
http://astrothesaurus.org/uat/721,Henyey track
http://astrothesaurus.org/uat/1070,Moldavites
http://astrothesaurus.org/uat/1266,Plutinos
http://astrothesaurus.org/uat/1514,Solar optical telescopes
http://astrothesaurus.org/uat/2003,Intergalactic abundances
http://astrothesaurus.org/uat/560,G subgiant stars
http://astrothesaurus.org/uat/169,Blueshifted
http://astrothesaurus.org/uat/1222,Philosophy of astronomy
http://astrothesaurus.org/uat/1511,Solar neutrinos
http://astrothesaurus.org/uat/727,Heterodyne receivers
http://astrothesaurus.org/uat/2028,Cooling flows
http://astrothesaurus.org/uat/1725,Two-dimensional gravity
http://astrothesaurus.org/uat/1020,Mean matter density
http://astrothesaurus.org/uat/772,Hydroxyl sources
http://astrothesaurus.org/uat/67,Armillary spheres
http://astrothesaurus.org/uat/207,CCD observation
http://astrothesaurus.org/uat/2178,Galactic archaeology
http://astrothesaurus.org/uat/963,Lunar mountains
http://astrothesaurus.org/uat/1542,Space debris
http://astrothesaurus.org/uat/1645,SU Ursae Majoris stars
http://astrothesaurus.org/uat/1521,Solar radiation
http://astrothesaurus.org/uat/221,Chandrasekhar limit
http://astrothesaurus.org/uat/2187,Triton
http://astrothesaurus.org/uat/1447,Seyfert galaxies
http://astrothesaurus.org/uat/1367,Red dwarf flare stars
http://astrothesaurus.org/uat/1418,RV Tauri variable stars
http://astrothesaurus.org/uat/1217,Phase angle
http://astrothesaurus.org/uat/752,Hot ionised medium
http://astrothesaurus.org/uat/842,Interstellar filaments
http://astrothesaurus.org/uat/269,Color equation
http://astrothesaurus.org/uat/880,K subgiant stars
http://astrothesaurus.org/uat/438,Earth trojans
http://astrothesaurus.org/uat/1348,Radio lobes
http://astrothesaurus.org/uat/324,Cosmic ray astronomy
http://astrothesaurus.org/uat/2002,Galactic abundances
http://astrothesaurus.org/uat/342,Cosmological phase transitions
http://astrothesaurus.org/uat/133,Baily's beads
http://astrothesaurus.org/uat/1309,Pulsation modes
http://astrothesaurus.org/uat/1924,Bayes' Theorem
http://astrothesaurus.org/uat/1210,Perihelion
http://astrothesaurus.org/uat/1797,Weak gravitational lensing
http://astrothesaurus.org/uat/278,Cometary nebulae
http://astrothesaurus.org/uat/524,Fabry-Perot interferometers
http://astrothesaurus.org/uat/1076,Moving clusters
http://astrothesaurus.org/uat/1555,Spectrophotometric standards
http://astrothesaurus.org/uat/1566,Star atlases
http://astrothesaurus.org/uat/550,Friedmann-Robertson-Walker metric
http://astrothesaurus.org/uat/1732,U Geminorum stars
http://astrothesaurus.org/uat/978,Lyman-alpha galaxies
http://astrothesaurus.org/uat/1032,Metal line absorbers
http://astrothesaurus.org/uat/1873,Slow solar wind
http://astrothesaurus.org/uat/556,G dwarf stars
http://astrothesaurus.org/uat/1042,Methane
http://astrothesaurus.org/uat/1568,Star counts
http://astrothesaurus.org/uat/1990,Solar E corona
http://astrothesaurus.org/uat/1341,Radio cores
http://astrothesaurus.org/uat/2012,SRc variable stars
http://astrothesaurus.org/uat/1417,Runaway stars
http://astrothesaurus.org/uat/379,Diffuse interstellar bands
http://astrothesaurus.org/uat/1329,Radar astronomy
http://astrothesaurus.org/uat/1308,Pulsation frequency method
http://astrothesaurus.org/uat/723,Herbig Ae/Be stars
http://astrothesaurus.org/uat/758,Hubble constant
http://astrothesaurus.org/uat/867,Isotopic abundances
http://astrothesaurus.org/uat/1491,Solar energetic particles
http://astrothesaurus.org/uat/1431,Schmidt-Cassegrain telescopes
http://astrothesaurus.org/uat/1232,Photometric standard stars
http://astrothesaurus.org/uat/848,Interstellar medium wind
http://astrothesaurus.org/uat/1482,Solar core
http://astrothesaurus.org/uat/2161,Comet surfaces
http://astrothesaurus.org/uat/1003,Maksutov telescopes
http://astrothesaurus.org/uat/1838,Zenith
http://astrothesaurus.org/uat/306,Stellar coronal dimming
http://astrothesaurus.org/uat/603,Galaxy luminosities
http://astrothesaurus.org/uat/919,Light year
http://astrothesaurus.org/uat/979,Lyman-break galaxies
http://astrothesaurus.org/uat/1058,Milky Way mass
http://astrothesaurus.org/uat/408,Draco dwarf galaxy
http://astrothesaurus.org/uat/1772,Virgo Cluster
http://astrothesaurus.org/uat/2194,Zodiacal dust bands
http://astrothesaurus.org/uat/1790,Water masers
http://astrothesaurus.org/uat/172,Bolides
http://astrothesaurus.org/uat/1757,UX Ursae Majoris stars
http://astrothesaurus.org/uat/1001,Major axis
http://astrothesaurus.org/uat/1264,Plasmapause
http://astrothesaurus.org/uat/168,Blue straggler stars
http://astrothesaurus.org/uat/19,Adaptive interferometry
http://astrothesaurus.org/uat/1706,Trans-Planckian physics
http://astrothesaurus.org/uat/1063,Mini Neptunes
http://astrothesaurus.org/uat/18,Active sun
http://astrothesaurus.org/uat/553,FU Orionis stars
http://astrothesaurus.org/uat/770,Hydrosphere
http://astrothesaurus.org/uat/2023,Exoplanet surface variability
http://astrothesaurus.org/uat/229,Chondrules
http://astrothesaurus.org/uat/536,Finding charts
http://astrothesaurus.org/uat/1438,Secondary cosmic rays
http://astrothesaurus.org/uat/807,Interferometric correlation
http://astrothesaurus.org/uat/2101,Gamma Doradus variable stars
http://astrothesaurus.org/uat/1829,Yellow straggler stars
http://astrothesaurus.org/uat/40,Angular separation
http://astrothesaurus.org/uat/402,Double-mode Cepheid variable stars
http://astrothesaurus.org/uat/423,Dynamical parallax
http://astrothesaurus.org/uat/621,Galaxy stellar content
http://astrothesaurus.org/uat/1429,Scale height
http://astrothesaurus.org/uat/1637,Stellar x-ray flares
http://astrothesaurus.org/uat/1782,VY Sculpturis stars
http://astrothesaurus.org/uat/100,Astrophysical explosive burning
http://astrothesaurus.org/uat/851,Interstellar plasma
http://astrothesaurus.org/uat/1052,Milky Way evolution
http://astrothesaurus.org/uat/1497,Solar gamma-ray emission
http://astrothesaurus.org/uat/1579,Stellar accretion disks
http://astrothesaurus.org/uat/800,Integrated magnitude
http://astrothesaurus.org/uat/1944,Principal component analysis
http://astrothesaurus.org/uat/1167,Optical identification
http://astrothesaurus.org/uat/314,Corotating streams
http://astrothesaurus.org/uat/1031,Metallicity
http://astrothesaurus.org/uat/492,Exoplanet formation
http://astrothesaurus.org/uat/1666,Supernova neutrinos
http://astrothesaurus.org/uat/55,Aphelion
http://astrothesaurus.org/uat/239,Circumstellar grains
http://astrothesaurus.org/uat/950,Lunar domes
http://astrothesaurus.org/uat/2163,Flat-spectrum radio quasars
http://astrothesaurus.org/uat/1265,Plate tectonics
http://astrothesaurus.org/uat/1085,N stars
http://astrothesaurus.org/uat/2001,Solar dynamo
http://astrothesaurus.org/uat/6,A subdwarf stars
http://astrothesaurus.org/uat/2155,Roche lobe overflow
http://astrothesaurus.org/uat/958,Lunar impacts
http://astrothesaurus.org/uat/1868,History of astronomy
http://astrothesaurus.org/uat/504,Extended radiation sources
http://astrothesaurus.org/uat/406,Double quasars
http://astrothesaurus.org/uat/1942,Likelihood ratio test
http://astrothesaurus.org/uat/2050,Low mass stars
http://astrothesaurus.org/uat/619,Galaxy rotation curves
http://astrothesaurus.org/uat/1930,Gaussian Processes regression
http://astrothesaurus.org/uat/2188,Ganymede
http://astrothesaurus.org/uat/453,Ejecta
http://astrothesaurus.org/uat/1215,Perturbation methods
http://astrothesaurus.org/uat/1216,PG 1159 stars
http://astrothesaurus.org/uat/839,Interstellar dynamics
http://astrothesaurus.org/uat/552,Frozen in elements
http://astrothesaurus.org/uat/1850,Shell stars
http://astrothesaurus.org/uat/1826,Xenobiology
http://astrothesaurus.org/uat/1693,The Sun
http://astrothesaurus.org/uat/530,Fast novae
http://astrothesaurus.org/uat/286,Compact H II region
http://astrothesaurus.org/uat/585,Galaxy collisions
http://astrothesaurus.org/uat/760,Hubble radius
http://astrothesaurus.org/uat/2131,Main-belt comets
http://astrothesaurus.org/uat/109,Ataxites
http://astrothesaurus.org/uat/1456,Silicate grains
http://astrothesaurus.org/uat/903,Large Magellanic Cloud
http://astrothesaurus.org/uat/811,Intergalactic filaments
http://astrothesaurus.org/uat/1068,Missing mass
http://astrothesaurus.org/uat/2033,Low-luminosity active galactic nuclei
http://astrothesaurus.org/uat/1022,Megalithic astronomy
http://astrothesaurus.org/uat/611,Galaxy photometry
http://astrothesaurus.org/uat/1506,Solar mass
http://astrothesaurus.org/uat/663,Gravitational deflection
http://astrothesaurus.org/uat/901,Landers
http://astrothesaurus.org/uat/528,Far infrared interferometry
http://astrothesaurus.org/uat/335,Cosmological constant experiments
http://astrothesaurus.org/uat/1450,Shell burning
http://astrothesaurus.org/uat/350,Dark adaption
http://astrothesaurus.org/uat/1454,Siderostats
http://astrothesaurus.org/uat/1010,Mascon
http://astrothesaurus.org/uat/1791,Water vapor
http://astrothesaurus.org/uat/644,Geocorona
http://astrothesaurus.org/uat/1199,Parsec
http://astrothesaurus.org/uat/830,Interplanetary turbulence
http://astrothesaurus.org/uat/1951,Two-point correlation function
http://astrothesaurus.org/uat/124,Azimuth
http://astrothesaurus.org/uat/1425,Natural satellite formation
http://astrothesaurus.org/uat/129,B subdwarf stars
http://astrothesaurus.org/uat/1690,Termination shock
http://astrothesaurus.org/uat/137,Baryogenesis
http://astrothesaurus.org/uat/1099,Neutral hydrogen clouds
http://astrothesaurus.org/uat/1716,Trojan planets
http://astrothesaurus.org/uat/2186,Titan
http://astrothesaurus.org/uat/1331,Radial pulsations
http://astrothesaurus.org/uat/1419,S-process
http://astrothesaurus.org/uat/1196,Parabolic orbit
http://astrothesaurus.org/uat/676,Gravitational wave detectors
http://astrothesaurus.org/uat/106,Astrosphere interstellar medium interactions
http://astrothesaurus.org/uat/219,Ceres
http://astrothesaurus.org/uat/365,Declination
http://astrothesaurus.org/uat/1777,Visual binary stars
http://astrothesaurus.org/uat/1779,Voids
http://astrothesaurus.org/uat/258,Earth's clouds
http://astrothesaurus.org/uat/1318,Quasar microlensing
http://astrothesaurus.org/uat/521,F subgiant stars
http://astrothesaurus.org/uat/1540,South galactic pole
http://astrothesaurus.org/uat/2154,Common envelope evolution
http://astrothesaurus.org/uat/1758,Van Allen radiation belts
http://astrothesaurus.org/uat/421,Dynamical evolution
http://astrothesaurus.org/uat/1359,Radio spectroscopy
http://astrothesaurus.org/uat/1377,Reddening law
http://astrothesaurus.org/uat/289,Compact radiation sources
http://astrothesaurus.org/uat/1833,Young star clusters
http://astrothesaurus.org/uat/1342,Solar radio flares
http://astrothesaurus.org/uat/326,Cosmic ray nucleosynthesis
http://astrothesaurus.org/uat/376,Detached objects
http://astrothesaurus.org/uat/0,DC stars
http://astrothesaurus.org/uat/2121,Post-asymptotic giant branch stars
http://astrothesaurus.org/uat/1408,Rotation powered pulsars
http://astrothesaurus.org/uat/973,Lunar seismology
http://astrothesaurus.org/uat/1175,Orbit determination
http://astrothesaurus.org/uat/2205,Exoplanet migration
http://astrothesaurus.org/uat/2202,Plutonian satellites
http://astrothesaurus.org/uat/1235,Photon decoupling
http://astrothesaurus.org/uat/2009,Radiative magnetohydrodynamics
http://astrothesaurus.org/uat/561,G supergiant stars
http://astrothesaurus.org/uat/1593,Stellar diffusion
http://astrothesaurus.org/uat/212,Celestial objects catalogs
http://astrothesaurus.org/uat/1565,Star forming regions
http://astrothesaurus.org/uat/2094,Mass spectrometry
http://astrothesaurus.org/uat/1464,Sky surveys
http://astrothesaurus.org/uat/1468,Small Magellanic Cloud
http://astrothesaurus.org/uat/960,Lunar magnetic fields
http://astrothesaurus.org/uat/1263,Plasma jets
http://astrothesaurus.org/uat/156,Bipolar sunspot groups
http://astrothesaurus.org/uat/1723,Two-body problem
http://astrothesaurus.org/uat/703,Hawking radiation
http://astrothesaurus.org/uat/1230,Photoheliographs
http://astrothesaurus.org/uat/447,Ecliptic longitude
http://astrothesaurus.org/uat/1481,Solar constant
http://astrothesaurus.org/uat/1842,Zero-age horizontal branch stars
http://astrothesaurus.org/uat/148,Beta Cephei variable stars
http://astrothesaurus.org/uat/107,Astrospheres
http://astrothesaurus.org/uat/1116,Non-Gaussianity
http://astrothesaurus.org/uat/1993,Solar coronal radio emission
http://astrothesaurus.org/uat/1386,Relativistic binary stars
http://astrothesaurus.org/uat/692,H beta photometry
http://astrothesaurus.org/uat/1664,Supernova dynamics
http://astrothesaurus.org/uat/385,Dirac cosmology
http://astrothesaurus.org/uat/295,Conjunction
http://astrothesaurus.org/uat/390,Disk flaring
http://astrothesaurus.org/uat/1200,Partial eclipses
http://astrothesaurus.org/uat/48,Anthropic principle
http://astrothesaurus.org/uat/1610,Stellar magnetic fields
http://astrothesaurus.org/uat/225,Chemical enrichment
http://astrothesaurus.org/uat/4,A giant stars
http://astrothesaurus.org/uat/1557,Spectroscopic binary stars
http://astrothesaurus.org/uat/315,Cosmic abundances
http://astrothesaurus.org/uat/796,Initial mass function
http://astrothesaurus.org/uat/1398,RGU photometry
http://astrothesaurus.org/uat/2185,Planetary ionospheres
http://astrothesaurus.org/uat/1277,Polarimeters
http://astrothesaurus.org/uat/458,Emerging flux tubes
http://astrothesaurus.org/uat/2183,Vesta
http://astrothesaurus.org/uat/696,Habitable zone
http://astrothesaurus.org/uat/42,Annual parallax
http://astrothesaurus.org/uat/783,Indochinites
http://astrothesaurus.org/uat/1590,Stellar colours
http://astrothesaurus.org/uat/593,Galaxy equators
http://astrothesaurus.org/uat/1998,Solar convective zone
http://astrothesaurus.org/uat/2011,SRb variable stars
http://astrothesaurus.org/uat/2065,Collision processes
